configs/einspace/base_config.yaml;--seed 0 --dataset cifar10 --generational False --regularised True --elitism 0 --mutation_rate 0.0 --crossover_strategy None --crossover_rate 0
configs/einspace/base_config.yaml;--seed 0 --dataset cifar10 --generational False --regularised True --elitism 0 --mutation_rate 0.0 --crossover_strategy one_point --crossover_rate 1
configs/einspace/base_config.yaml;--seed 0 --dataset cifar10 --generational False --regularised True --elitism 0 --mutation_rate 0.0 --crossover_strategy shortest_edit_path --crossover_rate 1
configs/einspace/base_config.yaml;--seed 0 --dataset cifar10 --generational False --regularised True --elitism 0 --mutation_rate 0.0 --crossover_strategy constrained_smith_waterman --crossover_rate 1
configs/einspace/base_config.yaml;--seed 0 --dataset cifar10 --generational False --regularised True --elitism 0 --mutation_rate 0.5 --crossover_strategy None --crossover_rate 0
configs/einspace/base_config.yaml;--seed 0 --dataset cifar10 --generational False --regularised True --elitism 0 --mutation_rate 0.5 --crossover_strategy one_point --crossover_rate 1
configs/einspace/base_config.yaml;--seed 0 --dataset cifar10 --generational False --regularised True --elitism 0 --mutation_rate 0.5 --crossover_strategy shortest_edit_path --crossover_rate 1
configs/einspace/base_config.yaml;--seed 0 --dataset cifar10 --generational False --regularised True --elitism 0 --mutation_rate 0.5 --crossover_strategy constrained_smith_waterman --crossover_rate 1
configs/einspace/base_config.yaml;--seed 0 --dataset cifar10 --generational False --regularised True --elitism 0 --mutation_rate 1.0 --crossover_strategy None --crossover_rate 0
configs/einspace/base_config.yaml;--seed 0 --dataset cifar10 --generational False --regularised True --elitism 0 --mutation_rate 1.0 --crossover_strategy one_point --crossover_rate 1
configs/einspace/base_config.yaml;--seed 0 --dataset cifar10 --generational False --regularised True --elitism 0 --mutation_rate 1.0 --crossover_strategy shortest_edit_path --crossover_rate 1
configs/einspace/base_config.yaml;--seed 0 --dataset cifar10 --generational False --regularised True --elitism 0 --mutation_rate 1.0 --crossover_strategy constrained_smith_waterman --crossover_rate 1
configs/einspace/base_config.yaml;--seed 0 --dataset cifar10 --generational True --regularised False --elitism 5 --mutation_rate 0.0 --crossover_strategy None --crossover_rate 0
configs/einspace/base_config.yaml;--seed 0 --dataset cifar10 --generational True --regularised False --elitism 5 --mutation_rate 0.0 --crossover_strategy one_point --crossover_rate 1
configs/einspace/base_config.yaml;--seed 0 --dataset cifar10 --generational True --regularised False --elitism 5 --mutation_rate 0.0 --crossover_strategy shortest_edit_path --crossover_rate 1
configs/einspace/base_config.yaml;--seed 0 --dataset cifar10 --generational True --regularised False --elitism 5 --mutation_rate 0.0 --crossover_strategy constrained_smith_waterman --crossover_rate 1
configs/einspace/base_config.yaml;--seed 0 --dataset cifar10 --generational True --regularised False --elitism 5 --mutation_rate 0.5 --crossover_strategy None --crossover_rate 0
configs/einspace/base_config.yaml;--seed 0 --dataset cifar10 --generational True --regularised False --elitism 5 --mutation_rate 0.5 --crossover_strategy one_point --crossover_rate 1
configs/einspace/base_config.yaml;--seed 0 --dataset cifar10 --generational True --regularised False --elitism 5 --mutation_rate 0.5 --crossover_strategy shortest_edit_path --crossover_rate 1
configs/einspace/base_config.yaml;--seed 0 --dataset cifar10 --generational True --regularised False --elitism 5 --mutation_rate 0.5 --crossover_strategy constrained_smith_waterman --crossover_rate 1
configs/einspace/base_config.yaml;--seed 0 --dataset cifar10 --generational True --regularised False --elitism 5 --mutation_rate 1.0 --crossover_strategy None --crossover_rate 0
configs/einspace/base_config.yaml;--seed 0 --dataset cifar10 --generational True --regularised False --elitism 5 --mutation_rate 1.0 --crossover_strategy one_point --crossover_rate 1
configs/einspace/base_config.yaml;--seed 0 --dataset cifar10 --generational True --regularised False --elitism 5 --mutation_rate 1.0 --crossover_strategy shortest_edit_path --crossover_rate 1
configs/einspace/base_config.yaml;--seed 0 --dataset cifar10 --generational True --regularised False --elitism 5 --mutation_rate 1.0 --crossover_strategy constrained_smith_waterman --crossover_rate 1
configs/einspace/base_config.yaml;--seed 0 --dataset cifar100 --generational False --regularised True --elitism 0 --mutation_rate 0.0 --crossover_strategy None --crossover_rate 0
configs/einspace/base_config.yaml;--seed 0 --dataset cifar100 --generational False --regularised True --elitism 0 --mutation_rate 0.0 --crossover_strategy one_point --crossover_rate 1
configs/einspace/base_config.yaml;--seed 0 --dataset cifar100 --generational False --regularised True --elitism 0 --mutation_rate 0.0 --crossover_strategy shortest_edit_path --crossover_rate 1
configs/einspace/base_config.yaml;--seed 0 --dataset cifar100 --generational False --regularised True --elitism 0 --mutation_rate 0.0 --crossover_strategy constrained_smith_waterman --crossover_rate 1
configs/einspace/base_config.yaml;--seed 0 --dataset cifar100 --generational False --regularised True --elitism 0 --mutation_rate 0.5 --crossover_strategy None --crossover_rate 0
configs/einspace/base_config.yaml;--seed 0 --dataset cifar100 --generational False --regularised True --elitism 0 --mutation_rate 0.5 --crossover_strategy one_point --crossover_rate 1
configs/einspace/base_config.yaml;--seed 0 --dataset cifar100 --generational False --regularised True --elitism 0 --mutation_rate 0.5 --crossover_strategy shortest_edit_path --crossover_rate 1
configs/einspace/base_config.yaml;--seed 0 --dataset cifar100 --generational False --regularised True --elitism 0 --mutation_rate 0.5 --crossover_strategy constrained_smith_waterman --crossover_rate 1
configs/einspace/base_config.yaml;--seed 0 --dataset cifar100 --generational False --regularised True --elitism 0 --mutation_rate 1.0 --crossover_strategy None --crossover_rate 0
configs/einspace/base_config.yaml;--seed 0 --dataset cifar100 --generational False --regularised True --elitism 0 --mutation_rate 1.0 --crossover_strategy one_point --crossover_rate 1
configs/einspace/base_config.yaml;--seed 0 --dataset cifar100 --generational False --regularised True --elitism 0 --mutation_rate 1.0 --crossover_strategy shortest_edit_path --crossover_rate 1
configs/einspace/base_config.yaml;--seed 0 --dataset cifar100 --generational False --regularised True --elitism 0 --mutation_rate 1.0 --crossover_strategy constrained_smith_waterman --crossover_rate 1
configs/einspace/base_config.yaml;--seed 0 --dataset cifar100 --generational True --regularised False --elitism 5 --mutation_rate 0.0 --crossover_strategy None --crossover_rate 0
configs/einspace/base_config.yaml;--seed 0 --dataset cifar100 --generational True --regularised False --elitism 5 --mutation_rate 0.0 --crossover_strategy one_point --crossover_rate 1
configs/einspace/base_config.yaml;--seed 0 --dataset cifar100 --generational True --regularised False --elitism 5 --mutation_rate 0.0 --crossover_strategy shortest_edit_path --crossover_rate 1
configs/einspace/base_config.yaml;--seed 0 --dataset cifar100 --generational True --regularised False --elitism 5 --mutation_rate 0.0 --crossover_strategy constrained_smith_waterman --crossover_rate 1
configs/einspace/base_config.yaml;--seed 0 --dataset cifar100 --generational True --regularised False --elitism 5 --mutation_rate 0.5 --crossover_strategy None --crossover_rate 0
configs/einspace/base_config.yaml;--seed 0 --dataset cifar100 --generational True --regularised False --elitism 5 --mutation_rate 0.5 --crossover_strategy one_point --crossover_rate 1
configs/einspace/base_config.yaml;--seed 0 --dataset cifar100 --generational True --regularised False --elitism 5 --mutation_rate 0.5 --crossover_strategy shortest_edit_path --crossover_rate 1
configs/einspace/base_config.yaml;--seed 0 --dataset cifar100 --generational True --regularised False --elitism 5 --mutation_rate 0.5 --crossover_strategy constrained_smith_waterman --crossover_rate 1
configs/einspace/base_config.yaml;--seed 0 --dataset cifar100 --generational True --regularised False --elitism 5 --mutation_rate 1.0 --crossover_strategy None --crossover_rate 0
configs/einspace/base_config.yaml;--seed 0 --dataset cifar100 --generational True --regularised False --elitism 5 --mutation_rate 1.0 --crossover_strategy one_point --crossover_rate 1
configs/einspace/base_config.yaml;--seed 0 --dataset cifar100 --generational True --regularised False --elitism 5 --mutation_rate 1.0 --crossover_strategy shortest_edit_path --crossover_rate 1
configs/einspace/base_config.yaml;--seed 0 --dataset cifar100 --generational True --regularised False --elitism 5 --mutation_rate 1.0 --crossover_strategy constrained_smith_waterman --crossover_rate 1
configs/einspace/base_config.yaml;--seed 0 --dataset addnist --generational False --regularised True --elitism 0 --mutation_rate 0.0 --crossover_strategy None --crossover_rate 0
configs/einspace/base_config.yaml;--seed 0 --dataset addnist --generational False --regularised True --elitism 0 --mutation_rate 0.0 --crossover_strategy one_point --crossover_rate 1
configs/einspace/base_config.yaml;--seed 0 --dataset addnist --generational False --regularised True --elitism 0 --mutation_rate 0.0 --crossover_strategy shortest_edit_path --crossover_rate 1
configs/einspace/base_config.yaml;--seed 0 --dataset addnist --generational False --regularised True --elitism 0 --mutation_rate 0.0 --crossover_strategy constrained_smith_waterman --crossover_rate 1
configs/einspace/base_config.yaml;--seed 0 --dataset addnist --generational False --regularised True --elitism 0 --mutation_rate 0.5 --crossover_strategy None --crossover_rate 0
configs/einspace/base_config.yaml;--seed 0 --dataset addnist --generational False --regularised True --elitism 0 --mutation_rate 0.5 --crossover_strategy one_point --crossover_rate 1
configs/einspace/base_config.yaml;--seed 0 --dataset addnist --generational False --regularised True --elitism 0 --mutation_rate 0.5 --crossover_strategy shortest_edit_path --crossover_rate 1
configs/einspace/base_config.yaml;--seed 0 --dataset addnist --generational False --regularised True --elitism 0 --mutation_rate 0.5 --crossover_strategy constrained_smith_waterman --crossover_rate 1
configs/einspace/base_config.yaml;--seed 0 --dataset addnist --generational False --regularised True --elitism 0 --mutation_rate 1.0 --crossover_strategy None --crossover_rate 0
configs/einspace/base_config.yaml;--seed 0 --dataset addnist --generational False --regularised True --elitism 0 --mutation_rate 1.0 --crossover_strategy one_point --crossover_rate 1
configs/einspace/base_config.yaml;--seed 0 --dataset addnist --generational False --regularised True --elitism 0 --mutation_rate 1.0 --crossover_strategy shortest_edit_path --crossover_rate 1
configs/einspace/base_config.yaml;--seed 0 --dataset addnist --generational False --regularised True --elitism 0 --mutation_rate 1.0 --crossover_strategy constrained_smith_waterman --crossover_rate 1
configs/einspace/base_config.yaml;--seed 0 --dataset addnist --generational True --regularised False --elitism 5 --mutation_rate 0.0 --crossover_strategy None --crossover_rate 0
configs/einspace/base_config.yaml;--seed 0 --dataset addnist --generational True --regularised False --elitism 5 --mutation_rate 0.0 --crossover_strategy one_point --crossover_rate 1
configs/einspace/base_config.yaml;--seed 0 --dataset addnist --generational True --regularised False --elitism 5 --mutation_rate 0.0 --crossover_strategy shortest_edit_path --crossover_rate 1
configs/einspace/base_config.yaml;--seed 0 --dataset addnist --generational True --regularised False --elitism 5 --mutation_rate 0.0 --crossover_strategy constrained_smith_waterman --crossover_rate 1
configs/einspace/base_config.yaml;--seed 0 --dataset addnist --generational True --regularised False --elitism 5 --mutation_rate 0.5 --crossover_strategy None --crossover_rate 0
configs/einspace/base_config.yaml;--seed 0 --dataset addnist --generational True --regularised False --elitism 5 --mutation_rate 0.5 --crossover_strategy one_point --crossover_rate 1
configs/einspace/base_config.yaml;--seed 0 --dataset addnist --generational True --regularised False --elitism 5 --mutation_rate 0.5 --crossover_strategy shortest_edit_path --crossover_rate 1
configs/einspace/base_config.yaml;--seed 0 --dataset addnist --generational True --regularised False --elitism 5 --mutation_rate 0.5 --crossover_strategy constrained_smith_waterman --crossover_rate 1
configs/einspace/base_config.yaml;--seed 0 --dataset addnist --generational True --regularised False --elitism 5 --mutation_rate 1.0 --crossover_strategy None --crossover_rate 0
configs/einspace/base_config.yaml;--seed 0 --dataset addnist --generational True --regularised False --elitism 5 --mutation_rate 1.0 --crossover_strategy one_point --crossover_rate 1
configs/einspace/base_config.yaml;--seed 0 --dataset addnist --generational True --regularised False --elitism 5 --mutation_rate 1.0 --crossover_strategy shortest_edit_path --crossover_rate 1
configs/einspace/base_config.yaml;--seed 0 --dataset addnist --generational True --regularised False --elitism 5 --mutation_rate 1.0 --crossover_strategy constrained_smith_waterman --crossover_rate 1
configs/einspace/base_config.yaml;--seed 0 --dataset language --generational False --regularised True --elitism 0 --mutation_rate 0.0 --crossover_strategy None --crossover_rate 0
configs/einspace/base_config.yaml;--seed 0 --dataset language --generational False --regularised True --elitism 0 --mutation_rate 0.0 --crossover_strategy one_point --crossover_rate 1
configs/einspace/base_config.yaml;--seed 0 --dataset language --generational False --regularised True --elitism 0 --mutation_rate 0.0 --crossover_strategy shortest_edit_path --crossover_rate 1
configs/einspace/base_config.yaml;--seed 0 --dataset language --generational False --regularised True --elitism 0 --mutation_rate 0.0 --crossover_strategy constrained_smith_waterman --crossover_rate 1
configs/einspace/base_config.yaml;--seed 0 --dataset language --generational False --regularised True --elitism 0 --mutation_rate 0.5 --crossover_strategy None --crossover_rate 0
configs/einspace/base_config.yaml;--seed 0 --dataset language --generational False --regularised True --elitism 0 --mutation_rate 0.5 --crossover_strategy one_point --crossover_rate 1
configs/einspace/base_config.yaml;--seed 0 --dataset language --generational False --regularised True --elitism 0 --mutation_rate 0.5 --crossover_strategy shortest_edit_path --crossover_rate 1
configs/einspace/base_config.yaml;--seed 0 --dataset language --generational False --regularised True --elitism 0 --mutation_rate 0.5 --crossover_strategy constrained_smith_waterman --crossover_rate 1
configs/einspace/base_config.yaml;--seed 0 --dataset language --generational False --regularised True --elitism 0 --mutation_rate 1.0 --crossover_strategy None --crossover_rate 0
configs/einspace/base_config.yaml;--seed 0 --dataset language --generational False --regularised True --elitism 0 --mutation_rate 1.0 --crossover_strategy one_point --crossover_rate 1
configs/einspace/base_config.yaml;--seed 0 --dataset language --generational False --regularised True --elitism 0 --mutation_rate 1.0 --crossover_strategy shortest_edit_path --crossover_rate 1
configs/einspace/base_config.yaml;--seed 0 --dataset language --generational False --regularised True --elitism 0 --mutation_rate 1.0 --crossover_strategy constrained_smith_waterman --crossover_rate 1
configs/einspace/base_config.yaml;--seed 0 --dataset language --generational True --regularised False --elitism 5 --mutation_rate 0.0 --crossover_strategy None --crossover_rate 0
configs/einspace/base_config.yaml;--seed 0 --dataset language --generational True --regularised False --elitism 5 --mutation_rate 0.0 --crossover_strategy one_point --crossover_rate 1
configs/einspace/base_config.yaml;--seed 0 --dataset language --generational True --regularised False --elitism 5 --mutation_rate 0.0 --crossover_strategy shortest_edit_path --crossover_rate 1
configs/einspace/base_config.yaml;--seed 0 --dataset language --generational True --regularised False --elitism 5 --mutation_rate 0.0 --crossover_strategy constrained_smith_waterman --crossover_rate 1
configs/einspace/base_config.yaml;--seed 0 --dataset language --generational True --regularised False --elitism 5 --mutation_rate 0.5 --crossover_strategy None --crossover_rate 0
configs/einspace/base_config.yaml;--seed 0 --dataset language --generational True --regularised False --elitism 5 --mutation_rate 0.5 --crossover_strategy one_point --crossover_rate 1
configs/einspace/base_config.yaml;--seed 0 --dataset language --generational True --regularised False --elitism 5 --mutation_rate 0.5 --crossover_strategy shortest_edit_path --crossover_rate 1
configs/einspace/base_config.yaml;--seed 0 --dataset language --generational True --regularised False --elitism 5 --mutation_rate 0.5 --crossover_strategy constrained_smith_waterman --crossover_rate 1
configs/einspace/base_config.yaml;--seed 0 --dataset language --generational True --regularised False --elitism 5 --mutation_rate 1.0 --crossover_strategy None --crossover_rate 0
configs/einspace/base_config.yaml;--seed 0 --dataset language --generational True --regularised False --elitism 5 --mutation_rate 1.0 --crossover_strategy one_point --crossover_rate 1
configs/einspace/base_config.yaml;--seed 0 --dataset language --generational True --regularised False --elitism 5 --mutation_rate 1.0 --crossover_strategy shortest_edit_path --crossover_rate 1
configs/einspace/base_config.yaml;--seed 0 --dataset language --generational True --regularised False --elitism 5 --mutation_rate 1.0 --crossover_strategy constrained_smith_waterman --crossover_rate 1
configs/einspace/base_config.yaml;--seed 0 --dataset multnist --generational False --regularised True --elitism 0 --mutation_rate 0.0 --crossover_strategy None --crossover_rate 0
configs/einspace/base_config.yaml;--seed 0 --dataset multnist --generational False --regularised True --elitism 0 --mutation_rate 0.0 --crossover_strategy one_point --crossover_rate 1
configs/einspace/base_config.yaml;--seed 0 --dataset multnist --generational False --regularised True --elitism 0 --mutation_rate 0.0 --crossover_strategy shortest_edit_path --crossover_rate 1
configs/einspace/base_config.yaml;--seed 0 --dataset multnist --generational False --regularised True --elitism 0 --mutation_rate 0.0 --crossover_strategy constrained_smith_waterman --crossover_rate 1
configs/einspace/base_config.yaml;--seed 0 --dataset multnist --generational False --regularised True --elitism 0 --mutation_rate 0.5 --crossover_strategy None --crossover_rate 0
configs/einspace/base_config.yaml;--seed 0 --dataset multnist --generational False --regularised True --elitism 0 --mutation_rate 0.5 --crossover_strategy one_point --crossover_rate 1
configs/einspace/base_config.yaml;--seed 0 --dataset multnist --generational False --regularised True --elitism 0 --mutation_rate 0.5 --crossover_strategy shortest_edit_path --crossover_rate 1
configs/einspace/base_config.yaml;--seed 0 --dataset multnist --generational False --regularised True --elitism 0 --mutation_rate 0.5 --crossover_strategy constrained_smith_waterman --crossover_rate 1
configs/einspace/base_config.yaml;--seed 0 --dataset multnist --generational False --regularised True --elitism 0 --mutation_rate 1.0 --crossover_strategy None --crossover_rate 0
configs/einspace/base_config.yaml;--seed 0 --dataset multnist --generational False --regularised True --elitism 0 --mutation_rate 1.0 --crossover_strategy one_point --crossover_rate 1
configs/einspace/base_config.yaml;--seed 0 --dataset multnist --generational False --regularised True --elitism 0 --mutation_rate 1.0 --crossover_strategy shortest_edit_path --crossover_rate 1
configs/einspace/base_config.yaml;--seed 0 --dataset multnist --generational False --regularised True --elitism 0 --mutation_rate 1.0 --crossover_strategy constrained_smith_waterman --crossover_rate 1
configs/einspace/base_config.yaml;--seed 0 --dataset multnist --generational True --regularised False --elitism 5 --mutation_rate 0.0 --crossover_strategy None --crossover_rate 0
configs/einspace/base_config.yaml;--seed 0 --dataset multnist --generational True --regularised False --elitism 5 --mutation_rate 0.0 --crossover_strategy one_point --crossover_rate 1
configs/einspace/base_config.yaml;--seed 0 --dataset multnist --generational True --regularised False --elitism 5 --mutation_rate 0.0 --crossover_strategy shortest_edit_path --crossover_rate 1
configs/einspace/base_config.yaml;--seed 0 --dataset multnist --generational True --regularised False --elitism 5 --mutation_rate 0.0 --crossover_strategy constrained_smith_waterman --crossover_rate 1
configs/einspace/base_config.yaml;--seed 0 --dataset multnist --generational True --regularised False --elitism 5 --mutation_rate 0.5 --crossover_strategy None --crossover_rate 0
configs/einspace/base_config.yaml;--seed 0 --dataset multnist --generational True --regularised False --elitism 5 --mutation_rate 0.5 --crossover_strategy one_point --crossover_rate 1
configs/einspace/base_config.yaml;--seed 0 --dataset multnist --generational True --regularised False --elitism 5 --mutation_rate 0.5 --crossover_strategy shortest_edit_path --crossover_rate 1
configs/einspace/base_config.yaml;--seed 0 --dataset multnist --generational True --regularised False --elitism 5 --mutation_rate 0.5 --crossover_strategy constrained_smith_waterman --crossover_rate 1
configs/einspace/base_config.yaml;--seed 0 --dataset multnist --generational True --regularised False --elitism 5 --mutation_rate 1.0 --crossover_strategy None --crossover_rate 0
configs/einspace/base_config.yaml;--seed 0 --dataset multnist --generational True --regularised False --elitism 5 --mutation_rate 1.0 --crossover_strategy one_point --crossover_rate 1
configs/einspace/base_config.yaml;--seed 0 --dataset multnist --generational True --regularised False --elitism 5 --mutation_rate 1.0 --crossover_strategy shortest_edit_path --crossover_rate 1
configs/einspace/base_config.yaml;--seed 0 --dataset multnist --generational True --regularised False --elitism 5 --mutation_rate 1.0 --crossover_strategy constrained_smith_waterman --crossover_rate 1
configs/einspace/base_config.yaml;--seed 0 --dataset cifartile --generational False --regularised True --elitism 0 --mutation_rate 0.0 --crossover_strategy None --crossover_rate 0
configs/einspace/base_config.yaml;--seed 0 --dataset cifartile --generational False --regularised True --elitism 0 --mutation_rate 0.0 --crossover_strategy one_point --crossover_rate 1
configs/einspace/base_config.yaml;--seed 0 --dataset cifartile --generational False --regularised True --elitism 0 --mutation_rate 0.0 --crossover_strategy shortest_edit_path --crossover_rate 1
configs/einspace/base_config.yaml;--seed 0 --dataset cifartile --generational False --regularised True --elitism 0 --mutation_rate 0.0 --crossover_strategy constrained_smith_waterman --crossover_rate 1
configs/einspace/base_config.yaml;--seed 0 --dataset cifartile --generational False --regularised True --elitism 0 --mutation_rate 0.5 --crossover_strategy None --crossover_rate 0
configs/einspace/base_config.yaml;--seed 0 --dataset cifartile --generational False --regularised True --elitism 0 --mutation_rate 0.5 --crossover_strategy one_point --crossover_rate 1
configs/einspace/base_config.yaml;--seed 0 --dataset cifartile --generational False --regularised True --elitism 0 --mutation_rate 0.5 --crossover_strategy shortest_edit_path --crossover_rate 1
configs/einspace/base_config.yaml;--seed 0 --dataset cifartile --generational False --regularised True --elitism 0 --mutation_rate 0.5 --crossover_strategy constrained_smith_waterman --crossover_rate 1
configs/einspace/base_config.yaml;--seed 0 --dataset cifartile --generational False --regularised True --elitism 0 --mutation_rate 1.0 --crossover_strategy None --crossover_rate 0
configs/einspace/base_config.yaml;--seed 0 --dataset cifartile --generational False --regularised True --elitism 0 --mutation_rate 1.0 --crossover_strategy one_point --crossover_rate 1
configs/einspace/base_config.yaml;--seed 0 --dataset cifartile --generational False --regularised True --elitism 0 --mutation_rate 1.0 --crossover_strategy shortest_edit_path --crossover_rate 1
configs/einspace/base_config.yaml;--seed 0 --dataset cifartile --generational False --regularised True --elitism 0 --mutation_rate 1.0 --crossover_strategy constrained_smith_waterman --crossover_rate 1
configs/einspace/base_config.yaml;--seed 0 --dataset cifartile --generational True --regularised False --elitism 5 --mutation_rate 0.0 --crossover_strategy None --crossover_rate 0
configs/einspace/base_config.yaml;--seed 0 --dataset cifartile --generational True --regularised False --elitism 5 --mutation_rate 0.0 --crossover_strategy one_point --crossover_rate 1
configs/einspace/base_config.yaml;--seed 0 --dataset cifartile --generational True --regularised False --elitism 5 --mutation_rate 0.0 --crossover_strategy shortest_edit_path --crossover_rate 1
configs/einspace/base_config.yaml;--seed 0 --dataset cifartile --generational True --regularised False --elitism 5 --mutation_rate 0.0 --crossover_strategy constrained_smith_waterman --crossover_rate 1
configs/einspace/base_config.yaml;--seed 0 --dataset cifartile --generational True --regularised False --elitism 5 --mutation_rate 0.5 --crossover_strategy None --crossover_rate 0
configs/einspace/base_config.yaml;--seed 0 --dataset cifartile --generational True --regularised False --elitism 5 --mutation_rate 0.5 --crossover_strategy one_point --crossover_rate 1
configs/einspace/base_config.yaml;--seed 0 --dataset cifartile --generational True --regularised False --elitism 5 --mutation_rate 0.5 --crossover_strategy shortest_edit_path --crossover_rate 1
configs/einspace/base_config.yaml;--seed 0 --dataset cifartile --generational True --regularised False --elitism 5 --mutation_rate 0.5 --crossover_strategy constrained_smith_waterman --crossover_rate 1
configs/einspace/base_config.yaml;--seed 0 --dataset cifartile --generational True --regularised False --elitism 5 --mutation_rate 1.0 --crossover_strategy None --crossover_rate 0
configs/einspace/base_config.yaml;--seed 0 --dataset cifartile --generational True --regularised False --elitism 5 --mutation_rate 1.0 --crossover_strategy one_point --crossover_rate 1
configs/einspace/base_config.yaml;--seed 0 --dataset cifartile --generational True --regularised False --elitism 5 --mutation_rate 1.0 --crossover_strategy shortest_edit_path --crossover_rate 1
configs/einspace/base_config.yaml;--seed 0 --dataset cifartile --generational True --regularised False --elitism 5 --mutation_rate 1.0 --crossover_strategy constrained_smith_waterman --crossover_rate 1
configs/einspace/base_config.yaml;--seed 0 --dataset gutenberg --generational False --regularised True --elitism 0 --mutation_rate 0.0 --crossover_strategy None --crossover_rate 0
configs/einspace/base_config.yaml;--seed 0 --dataset gutenberg --generational False --regularised True --elitism 0 --mutation_rate 0.0 --crossover_strategy one_point --crossover_rate 1
configs/einspace/base_config.yaml;--seed 0 --dataset gutenberg --generational False --regularised True --elitism 0 --mutation_rate 0.0 --crossover_strategy shortest_edit_path --crossover_rate 1
configs/einspace/base_config.yaml;--seed 0 --dataset gutenberg --generational False --regularised True --elitism 0 --mutation_rate 0.0 --crossover_strategy constrained_smith_waterman --crossover_rate 1
configs/einspace/base_config.yaml;--seed 0 --dataset gutenberg --generational False --regularised True --elitism 0 --mutation_rate 0.5 --crossover_strategy None --crossover_rate 0
configs/einspace/base_config.yaml;--seed 0 --dataset gutenberg --generational False --regularised True --elitism 0 --mutation_rate 0.5 --crossover_strategy one_point --crossover_rate 1
configs/einspace/base_config.yaml;--seed 0 --dataset gutenberg --generational False --regularised True --elitism 0 --mutation_rate 0.5 --crossover_strategy shortest_edit_path --crossover_rate 1
configs/einspace/base_config.yaml;--seed 0 --dataset gutenberg --generational False --regularised True --elitism 0 --mutation_rate 0.5 --crossover_strategy constrained_smith_waterman --crossover_rate 1
configs/einspace/base_config.yaml;--seed 0 --dataset gutenberg --generational False --regularised True --elitism 0 --mutation_rate 1.0 --crossover_strategy None --crossover_rate 0
configs/einspace/base_config.yaml;--seed 0 --dataset gutenberg --generational False --regularised True --elitism 0 --mutation_rate 1.0 --crossover_strategy one_point --crossover_rate 1
configs/einspace/base_config.yaml;--seed 0 --dataset gutenberg --generational False --regularised True --elitism 0 --mutation_rate 1.0 --crossover_strategy shortest_edit_path --crossover_rate 1
configs/einspace/base_config.yaml;--seed 0 --dataset gutenberg --generational False --regularised True --elitism 0 --mutation_rate 1.0 --crossover_strategy constrained_smith_waterman --crossover_rate 1
configs/einspace/base_config.yaml;--seed 0 --dataset gutenberg --generational True --regularised False --elitism 5 --mutation_rate 0.0 --crossover_strategy None --crossover_rate 0
configs/einspace/base_config.yaml;--seed 0 --dataset gutenberg --generational True --regularised False --elitism 5 --mutation_rate 0.0 --crossover_strategy one_point --crossover_rate 1
configs/einspace/base_config.yaml;--seed 0 --dataset gutenberg --generational True --regularised False --elitism 5 --mutation_rate 0.0 --crossover_strategy shortest_edit_path --crossover_rate 1
configs/einspace/base_config.yaml;--seed 0 --dataset gutenberg --generational True --regularised False --elitism 5 --mutation_rate 0.0 --crossover_strategy constrained_smith_waterman --crossover_rate 1
configs/einspace/base_config.yaml;--seed 0 --dataset gutenberg --generational True --regularised False --elitism 5 --mutation_rate 0.5 --crossover_strategy None --crossover_rate 0
configs/einspace/base_config.yaml;--seed 0 --dataset gutenberg --generational True --regularised False --elitism 5 --mutation_rate 0.5 --crossover_strategy one_point --crossover_rate 1
configs/einspace/base_config.yaml;--seed 0 --dataset gutenberg --generational True --regularised False --elitism 5 --mutation_rate 0.5 --crossover_strategy shortest_edit_path --crossover_rate 1
configs/einspace/base_config.yaml;--seed 0 --dataset gutenberg --generational True --regularised False --elitism 5 --mutation_rate 0.5 --crossover_strategy constrained_smith_waterman --crossover_rate 1
configs/einspace/base_config.yaml;--seed 0 --dataset gutenberg --generational True --regularised False --elitism 5 --mutation_rate 1.0 --crossover_strategy None --crossover_rate 0
configs/einspace/base_config.yaml;--seed 0 --dataset gutenberg --generational True --regularised False --elitism 5 --mutation_rate 1.0 --crossover_strategy one_point --crossover_rate 1
configs/einspace/base_config.yaml;--seed 0 --dataset gutenberg --generational True --regularised False --elitism 5 --mutation_rate 1.0 --crossover_strategy shortest_edit_path --crossover_rate 1
configs/einspace/base_config.yaml;--seed 0 --dataset gutenberg --generational True --regularised False --elitism 5 --mutation_rate 1.0 --crossover_strategy constrained_smith_waterman --crossover_rate 1
configs/einspace/base_config.yaml;--seed 0 --dataset isabella --generational False --regularised True --elitism 0 --mutation_rate 0.0 --crossover_strategy None --crossover_rate 0
configs/einspace/base_config.yaml;--seed 0 --dataset isabella --generational False --regularised True --elitism 0 --mutation_rate 0.0 --crossover_strategy one_point --crossover_rate 1
configs/einspace/base_config.yaml;--seed 0 --dataset isabella --generational False --regularised True --elitism 0 --mutation_rate 0.0 --crossover_strategy shortest_edit_path --crossover_rate 1
configs/einspace/base_config.yaml;--seed 0 --dataset isabella --generational False --regularised True --elitism 0 --mutation_rate 0.0 --crossover_strategy constrained_smith_waterman --crossover_rate 1
configs/einspace/base_config.yaml;--seed 0 --dataset isabella --generational False --regularised True --elitism 0 --mutation_rate 0.5 --crossover_strategy None --crossover_rate 0
configs/einspace/base_config.yaml;--seed 0 --dataset isabella --generational False --regularised True --elitism 0 --mutation_rate 0.5 --crossover_strategy one_point --crossover_rate 1
configs/einspace/base_config.yaml;--seed 0 --dataset isabella --generational False --regularised True --elitism 0 --mutation_rate 0.5 --crossover_strategy shortest_edit_path --crossover_rate 1
configs/einspace/base_config.yaml;--seed 0 --dataset isabella --generational False --regularised True --elitism 0 --mutation_rate 0.5 --crossover_strategy constrained_smith_waterman --crossover_rate 1
configs/einspace/base_config.yaml;--seed 0 --dataset isabella --generational False --regularised True --elitism 0 --mutation_rate 1.0 --crossover_strategy None --crossover_rate 0
configs/einspace/base_config.yaml;--seed 0 --dataset isabella --generational False --regularised True --elitism 0 --mutation_rate 1.0 --crossover_strategy one_point --crossover_rate 1
configs/einspace/base_config.yaml;--seed 0 --dataset isabella --generational False --regularised True --elitism 0 --mutation_rate 1.0 --crossover_strategy shortest_edit_path --crossover_rate 1
configs/einspace/base_config.yaml;--seed 0 --dataset isabella --generational False --regularised True --elitism 0 --mutation_rate 1.0 --crossover_strategy constrained_smith_waterman --crossover_rate 1
configs/einspace/base_config.yaml;--seed 0 --dataset isabella --generational True --regularised False --elitism 5 --mutation_rate 0.0 --crossover_strategy None --crossover_rate 0
configs/einspace/base_config.yaml;--seed 0 --dataset isabella --generational True --regularised False --elitism 5 --mutation_rate 0.0 --crossover_strategy one_point --crossover_rate 1
configs/einspace/base_config.yaml;--seed 0 --dataset isabella --generational True --regularised False --elitism 5 --mutation_rate 0.0 --crossover_strategy shortest_edit_path --crossover_rate 1
configs/einspace/base_config.yaml;--seed 0 --dataset isabella --generational True --regularised False --elitism 5 --mutation_rate 0.0 --crossover_strategy constrained_smith_waterman --crossover_rate 1
configs/einspace/base_config.yaml;--seed 0 --dataset isabella --generational True --regularised False --elitism 5 --mutation_rate 0.5 --crossover_strategy None --crossover_rate 0
configs/einspace/base_config.yaml;--seed 0 --dataset isabella --generational True --regularised False --elitism 5 --mutation_rate 0.5 --crossover_strategy one_point --crossover_rate 1
configs/einspace/base_config.yaml;--seed 0 --dataset isabella --generational True --regularised False --elitism 5 --mutation_rate 0.5 --crossover_strategy shortest_edit_path --crossover_rate 1
configs/einspace/base_config.yaml;--seed 0 --dataset isabella --generational True --regularised False --elitism 5 --mutation_rate 0.5 --crossover_strategy constrained_smith_waterman --crossover_rate 1
configs/einspace/base_config.yaml;--seed 0 --dataset isabella --generational True --regularised False --elitism 5 --mutation_rate 1.0 --crossover_strategy None --crossover_rate 0
configs/einspace/base_config.yaml;--seed 0 --dataset isabella --generational True --regularised False --elitism 5 --mutation_rate 1.0 --crossover_strategy one_point --crossover_rate 1
configs/einspace/base_config.yaml;--seed 0 --dataset isabella --generational True --regularised False --elitism 5 --mutation_rate 1.0 --crossover_strategy shortest_edit_path --crossover_rate 1
configs/einspace/base_config.yaml;--seed 0 --dataset isabella --generational True --regularised False --elitism 5 --mutation_rate 1.0 --crossover_strategy constrained_smith_waterman --crossover_rate 1
configs/einspace/base_config.yaml;--seed 0 --dataset geoclassing --generational False --regularised True --elitism 0 --mutation_rate 0.0 --crossover_strategy None --crossover_rate 0
configs/einspace/base_config.yaml;--seed 0 --dataset geoclassing --generational False --regularised True --elitism 0 --mutation_rate 0.0 --crossover_strategy one_point --crossover_rate 1
configs/einspace/base_config.yaml;--seed 0 --dataset geoclassing --generational False --regularised True --elitism 0 --mutation_rate 0.0 --crossover_strategy shortest_edit_path --crossover_rate 1
configs/einspace/base_config.yaml;--seed 0 --dataset geoclassing --generational False --regularised True --elitism 0 --mutation_rate 0.0 --crossover_strategy constrained_smith_waterman --crossover_rate 1
configs/einspace/base_config.yaml;--seed 0 --dataset geoclassing --generational False --regularised True --elitism 0 --mutation_rate 0.5 --crossover_strategy None --crossover_rate 0
configs/einspace/base_config.yaml;--seed 0 --dataset geoclassing --generational False --regularised True --elitism 0 --mutation_rate 0.5 --crossover_strategy one_point --crossover_rate 1
configs/einspace/base_config.yaml;--seed 0 --dataset geoclassing --generational False --regularised True --elitism 0 --mutation_rate 0.5 --crossover_strategy shortest_edit_path --crossover_rate 1
configs/einspace/base_config.yaml;--seed 0 --dataset geoclassing --generational False --regularised True --elitism 0 --mutation_rate 0.5 --crossover_strategy constrained_smith_waterman --crossover_rate 1
configs/einspace/base_config.yaml;--seed 0 --dataset geoclassing --generational False --regularised True --elitism 0 --mutation_rate 1.0 --crossover_strategy None --crossover_rate 0
configs/einspace/base_config.yaml;--seed 0 --dataset geoclassing --generational False --regularised True --elitism 0 --mutation_rate 1.0 --crossover_strategy one_point --crossover_rate 1
configs/einspace/base_config.yaml;--seed 0 --dataset geoclassing --generational False --regularised True --elitism 0 --mutation_rate 1.0 --crossover_strategy shortest_edit_path --crossover_rate 1
configs/einspace/base_config.yaml;--seed 0 --dataset geoclassing --generational False --regularised True --elitism 0 --mutation_rate 1.0 --crossover_strategy constrained_smith_waterman --crossover_rate 1
configs/einspace/base_config.yaml;--seed 0 --dataset geoclassing --generational True --regularised False --elitism 5 --mutation_rate 0.0 --crossover_strategy None --crossover_rate 0
configs/einspace/base_config.yaml;--seed 0 --dataset geoclassing --generational True --regularised False --elitism 5 --mutation_rate 0.0 --crossover_strategy one_point --crossover_rate 1
configs/einspace/base_config.yaml;--seed 0 --dataset geoclassing --generational True --regularised False --elitism 5 --mutation_rate 0.0 --crossover_strategy shortest_edit_path --crossover_rate 1
configs/einspace/base_config.yaml;--seed 0 --dataset geoclassing --generational True --regularised False --elitism 5 --mutation_rate 0.0 --crossover_strategy constrained_smith_waterman --crossover_rate 1
configs/einspace/base_config.yaml;--seed 0 --dataset geoclassing --generational True --regularised False --elitism 5 --mutation_rate 0.5 --crossover_strategy None --crossover_rate 0
configs/einspace/base_config.yaml;--seed 0 --dataset geoclassing --generational True --regularised False --elitism 5 --mutation_rate 0.5 --crossover_strategy one_point --crossover_rate 1
configs/einspace/base_config.yaml;--seed 0 --dataset geoclassing --generational True --regularised False --elitism 5 --mutation_rate 0.5 --crossover_strategy shortest_edit_path --crossover_rate 1
configs/einspace/base_config.yaml;--seed 0 --dataset geoclassing --generational True --regularised False --elitism 5 --mutation_rate 0.5 --crossover_strategy constrained_smith_waterman --crossover_rate 1
configs/einspace/base_config.yaml;--seed 0 --dataset geoclassing --generational True --regularised False --elitism 5 --mutation_rate 1.0 --crossover_strategy None --crossover_rate 0
configs/einspace/base_config.yaml;--seed 0 --dataset geoclassing --generational True --regularised False --elitism 5 --mutation_rate 1.0 --crossover_strategy one_point --crossover_rate 1
configs/einspace/base_config.yaml;--seed 0 --dataset geoclassing --generational True --regularised False --elitism 5 --mutation_rate 1.0 --crossover_strategy shortest_edit_path --crossover_rate 1
configs/einspace/base_config.yaml;--seed 0 --dataset geoclassing --generational True --regularised False --elitism 5 --mutation_rate 1.0 --crossover_strategy constrained_smith_waterman --crossover_rate 1
configs/einspace/base_config.yaml;--seed 0 --dataset chesseract --generational False --regularised True --elitism 0 --mutation_rate 0.0 --crossover_strategy None --crossover_rate 0
configs/einspace/base_config.yaml;--seed 0 --dataset chesseract --generational False --regularised True --elitism 0 --mutation_rate 0.0 --crossover_strategy one_point --crossover_rate 1
configs/einspace/base_config.yaml;--seed 0 --dataset chesseract --generational False --regularised True --elitism 0 --mutation_rate 0.0 --crossover_strategy shortest_edit_path --crossover_rate 1
configs/einspace/base_config.yaml;--seed 0 --dataset chesseract --generational False --regularised True --elitism 0 --mutation_rate 0.0 --crossover_strategy constrained_smith_waterman --crossover_rate 1
configs/einspace/base_config.yaml;--seed 0 --dataset chesseract --generational False --regularised True --elitism 0 --mutation_rate 0.5 --crossover_strategy None --crossover_rate 0
configs/einspace/base_config.yaml;--seed 0 --dataset chesseract --generational False --regularised True --elitism 0 --mutation_rate 0.5 --crossover_strategy one_point --crossover_rate 1
configs/einspace/base_config.yaml;--seed 0 --dataset chesseract --generational False --regularised True --elitism 0 --mutation_rate 0.5 --crossover_strategy shortest_edit_path --crossover_rate 1
configs/einspace/base_config.yaml;--seed 0 --dataset chesseract --generational False --regularised True --elitism 0 --mutation_rate 0.5 --crossover_strategy constrained_smith_waterman --crossover_rate 1
configs/einspace/base_config.yaml;--seed 0 --dataset chesseract --generational False --regularised True --elitism 0 --mutation_rate 1.0 --crossover_strategy None --crossover_rate 0
configs/einspace/base_config.yaml;--seed 0 --dataset chesseract --generational False --regularised True --elitism 0 --mutation_rate 1.0 --crossover_strategy one_point --crossover_rate 1
configs/einspace/base_config.yaml;--seed 0 --dataset chesseract --generational False --regularised True --elitism 0 --mutation_rate 1.0 --crossover_strategy shortest_edit_path --crossover_rate 1
configs/einspace/base_config.yaml;--seed 0 --dataset chesseract --generational False --regularised True --elitism 0 --mutation_rate 1.0 --crossover_strategy constrained_smith_waterman --crossover_rate 1
configs/einspace/base_config.yaml;--seed 0 --dataset chesseract --generational True --regularised False --elitism 5 --mutation_rate 0.0 --crossover_strategy None --crossover_rate 0
configs/einspace/base_config.yaml;--seed 0 --dataset chesseract --generational True --regularised False --elitism 5 --mutation_rate 0.0 --crossover_strategy one_point --crossover_rate 1
configs/einspace/base_config.yaml;--seed 0 --dataset chesseract --generational True --regularised False --elitism 5 --mutation_rate 0.0 --crossover_strategy shortest_edit_path --crossover_rate 1
configs/einspace/base_config.yaml;--seed 0 --dataset chesseract --generational True --regularised False --elitism 5 --mutation_rate 0.0 --crossover_strategy constrained_smith_waterman --crossover_rate 1
configs/einspace/base_config.yaml;--seed 0 --dataset chesseract --generational True --regularised False --elitism 5 --mutation_rate 0.5 --crossover_strategy None --crossover_rate 0
configs/einspace/base_config.yaml;--seed 0 --dataset chesseract --generational True --regularised False --elitism 5 --mutation_rate 0.5 --crossover_strategy one_point --crossover_rate 1
configs/einspace/base_config.yaml;--seed 0 --dataset chesseract --generational True --regularised False --elitism 5 --mutation_rate 0.5 --crossover_strategy shortest_edit_path --crossover_rate 1
configs/einspace/base_config.yaml;--seed 0 --dataset chesseract --generational True --regularised False --elitism 5 --mutation_rate 0.5 --crossover_strategy constrained_smith_waterman --crossover_rate 1
configs/einspace/base_config.yaml;--seed 0 --dataset chesseract --generational True --regularised False --elitism 5 --mutation_rate 1.0 --crossover_strategy None --crossover_rate 0
configs/einspace/base_config.yaml;--seed 0 --dataset chesseract --generational True --regularised False --elitism 5 --mutation_rate 1.0 --crossover_strategy one_point --crossover_rate 1
configs/einspace/base_config.yaml;--seed 0 --dataset chesseract --generational True --regularised False --elitism 5 --mutation_rate 1.0 --crossover_strategy shortest_edit_path --crossover_rate 1
configs/einspace/base_config.yaml;--seed 0 --dataset chesseract --generational True --regularised False --elitism 5 --mutation_rate 1.0 --crossover_strategy constrained_smith_waterman --crossover_rate 1
configs/einspace/base_config.yaml;--seed 1 --dataset cifar10 --generational False --regularised True --elitism 0 --mutation_rate 0.0 --crossover_strategy None --crossover_rate 0
configs/einspace/base_config.yaml;--seed 1 --dataset cifar10 --generational False --regularised True --elitism 0 --mutation_rate 0.0 --crossover_strategy one_point --crossover_rate 1
configs/einspace/base_config.yaml;--seed 1 --dataset cifar10 --generational False --regularised True --elitism 0 --mutation_rate 0.0 --crossover_strategy shortest_edit_path --crossover_rate 1
configs/einspace/base_config.yaml;--seed 1 --dataset cifar10 --generational False --regularised True --elitism 0 --mutation_rate 0.0 --crossover_strategy constrained_smith_waterman --crossover_rate 1
configs/einspace/base_config.yaml;--seed 1 --dataset cifar10 --generational False --regularised True --elitism 0 --mutation_rate 0.5 --crossover_strategy None --crossover_rate 0
configs/einspace/base_config.yaml;--seed 1 --dataset cifar10 --generational False --regularised True --elitism 0 --mutation_rate 0.5 --crossover_strategy one_point --crossover_rate 1
configs/einspace/base_config.yaml;--seed 1 --dataset cifar10 --generational False --regularised True --elitism 0 --mutation_rate 0.5 --crossover_strategy shortest_edit_path --crossover_rate 1
configs/einspace/base_config.yaml;--seed 1 --dataset cifar10 --generational False --regularised True --elitism 0 --mutation_rate 0.5 --crossover_strategy constrained_smith_waterman --crossover_rate 1
configs/einspace/base_config.yaml;--seed 1 --dataset cifar10 --generational False --regularised True --elitism 0 --mutation_rate 1.0 --crossover_strategy None --crossover_rate 0
configs/einspace/base_config.yaml;--seed 1 --dataset cifar10 --generational False --regularised True --elitism 0 --mutation_rate 1.0 --crossover_strategy one_point --crossover_rate 1
configs/einspace/base_config.yaml;--seed 1 --dataset cifar10 --generational False --regularised True --elitism 0 --mutation_rate 1.0 --crossover_strategy shortest_edit_path --crossover_rate 1
configs/einspace/base_config.yaml;--seed 1 --dataset cifar10 --generational False --regularised True --elitism 0 --mutation_rate 1.0 --crossover_strategy constrained_smith_waterman --crossover_rate 1
configs/einspace/base_config.yaml;--seed 1 --dataset cifar10 --generational True --regularised False --elitism 5 --mutation_rate 0.0 --crossover_strategy None --crossover_rate 0
configs/einspace/base_config.yaml;--seed 1 --dataset cifar10 --generational True --regularised False --elitism 5 --mutation_rate 0.0 --crossover_strategy one_point --crossover_rate 1
configs/einspace/base_config.yaml;--seed 1 --dataset cifar10 --generational True --regularised False --elitism 5 --mutation_rate 0.0 --crossover_strategy shortest_edit_path --crossover_rate 1
configs/einspace/base_config.yaml;--seed 1 --dataset cifar10 --generational True --regularised False --elitism 5 --mutation_rate 0.0 --crossover_strategy constrained_smith_waterman --crossover_rate 1
configs/einspace/base_config.yaml;--seed 1 --dataset cifar10 --generational True --regularised False --elitism 5 --mutation_rate 0.5 --crossover_strategy None --crossover_rate 0
configs/einspace/base_config.yaml;--seed 1 --dataset cifar10 --generational True --regularised False --elitism 5 --mutation_rate 0.5 --crossover_strategy one_point --crossover_rate 1
configs/einspace/base_config.yaml;--seed 1 --dataset cifar10 --generational True --regularised False --elitism 5 --mutation_rate 0.5 --crossover_strategy shortest_edit_path --crossover_rate 1
configs/einspace/base_config.yaml;--seed 1 --dataset cifar10 --generational True --regularised False --elitism 5 --mutation_rate 0.5 --crossover_strategy constrained_smith_waterman --crossover_rate 1
configs/einspace/base_config.yaml;--seed 1 --dataset cifar10 --generational True --regularised False --elitism 5 --mutation_rate 1.0 --crossover_strategy None --crossover_rate 0
configs/einspace/base_config.yaml;--seed 1 --dataset cifar10 --generational True --regularised False --elitism 5 --mutation_rate 1.0 --crossover_strategy one_point --crossover_rate 1
configs/einspace/base_config.yaml;--seed 1 --dataset cifar10 --generational True --regularised False --elitism 5 --mutation_rate 1.0 --crossover_strategy shortest_edit_path --crossover_rate 1
configs/einspace/base_config.yaml;--seed 1 --dataset cifar10 --generational True --regularised False --elitism 5 --mutation_rate 1.0 --crossover_strategy constrained_smith_waterman --crossover_rate 1
configs/einspace/base_config.yaml;--seed 1 --dataset cifar100 --generational False --regularised True --elitism 0 --mutation_rate 0.0 --crossover_strategy None --crossover_rate 0
configs/einspace/base_config.yaml;--seed 1 --dataset cifar100 --generational False --regularised True --elitism 0 --mutation_rate 0.0 --crossover_strategy one_point --crossover_rate 1
configs/einspace/base_config.yaml;--seed 1 --dataset cifar100 --generational False --regularised True --elitism 0 --mutation_rate 0.0 --crossover_strategy shortest_edit_path --crossover_rate 1
configs/einspace/base_config.yaml;--seed 1 --dataset cifar100 --generational False --regularised True --elitism 0 --mutation_rate 0.0 --crossover_strategy constrained_smith_waterman --crossover_rate 1
configs/einspace/base_config.yaml;--seed 1 --dataset cifar100 --generational False --regularised True --elitism 0 --mutation_rate 0.5 --crossover_strategy None --crossover_rate 0
configs/einspace/base_config.yaml;--seed 1 --dataset cifar100 --generational False --regularised True --elitism 0 --mutation_rate 0.5 --crossover_strategy one_point --crossover_rate 1
configs/einspace/base_config.yaml;--seed 1 --dataset cifar100 --generational False --regularised True --elitism 0 --mutation_rate 0.5 --crossover_strategy shortest_edit_path --crossover_rate 1
configs/einspace/base_config.yaml;--seed 1 --dataset cifar100 --generational False --regularised True --elitism 0 --mutation_rate 0.5 --crossover_strategy constrained_smith_waterman --crossover_rate 1
configs/einspace/base_config.yaml;--seed 1 --dataset cifar100 --generational False --regularised True --elitism 0 --mutation_rate 1.0 --crossover_strategy None --crossover_rate 0
configs/einspace/base_config.yaml;--seed 1 --dataset cifar100 --generational False --regularised True --elitism 0 --mutation_rate 1.0 --crossover_strategy one_point --crossover_rate 1
configs/einspace/base_config.yaml;--seed 1 --dataset cifar100 --generational False --regularised True --elitism 0 --mutation_rate 1.0 --crossover_strategy shortest_edit_path --crossover_rate 1
configs/einspace/base_config.yaml;--seed 1 --dataset cifar100 --generational False --regularised True --elitism 0 --mutation_rate 1.0 --crossover_strategy constrained_smith_waterman --crossover_rate 1
configs/einspace/base_config.yaml;--seed 1 --dataset cifar100 --generational True --regularised False --elitism 5 --mutation_rate 0.0 --crossover_strategy None --crossover_rate 0
configs/einspace/base_config.yaml;--seed 1 --dataset cifar100 --generational True --regularised False --elitism 5 --mutation_rate 0.0 --crossover_strategy one_point --crossover_rate 1
configs/einspace/base_config.yaml;--seed 1 --dataset cifar100 --generational True --regularised False --elitism 5 --mutation_rate 0.0 --crossover_strategy shortest_edit_path --crossover_rate 1
configs/einspace/base_config.yaml;--seed 1 --dataset cifar100 --generational True --regularised False --elitism 5 --mutation_rate 0.0 --crossover_strategy constrained_smith_waterman --crossover_rate 1
configs/einspace/base_config.yaml;--seed 1 --dataset cifar100 --generational True --regularised False --elitism 5 --mutation_rate 0.5 --crossover_strategy None --crossover_rate 0
configs/einspace/base_config.yaml;--seed 1 --dataset cifar100 --generational True --regularised False --elitism 5 --mutation_rate 0.5 --crossover_strategy one_point --crossover_rate 1
configs/einspace/base_config.yaml;--seed 1 --dataset cifar100 --generational True --regularised False --elitism 5 --mutation_rate 0.5 --crossover_strategy shortest_edit_path --crossover_rate 1
configs/einspace/base_config.yaml;--seed 1 --dataset cifar100 --generational True --regularised False --elitism 5 --mutation_rate 0.5 --crossover_strategy constrained_smith_waterman --crossover_rate 1
configs/einspace/base_config.yaml;--seed 1 --dataset cifar100 --generational True --regularised False --elitism 5 --mutation_rate 1.0 --crossover_strategy None --crossover_rate 0
configs/einspace/base_config.yaml;--seed 1 --dataset cifar100 --generational True --regularised False --elitism 5 --mutation_rate 1.0 --crossover_strategy one_point --crossover_rate 1
configs/einspace/base_config.yaml;--seed 1 --dataset cifar100 --generational True --regularised False --elitism 5 --mutation_rate 1.0 --crossover_strategy shortest_edit_path --crossover_rate 1
configs/einspace/base_config.yaml;--seed 1 --dataset cifar100 --generational True --regularised False --elitism 5 --mutation_rate 1.0 --crossover_strategy constrained_smith_waterman --crossover_rate 1
configs/einspace/base_config.yaml;--seed 1 --dataset addnist --generational False --regularised True --elitism 0 --mutation_rate 0.0 --crossover_strategy None --crossover_rate 0
configs/einspace/base_config.yaml;--seed 1 --dataset addnist --generational False --regularised True --elitism 0 --mutation_rate 0.0 --crossover_strategy one_point --crossover_rate 1
configs/einspace/base_config.yaml;--seed 1 --dataset addnist --generational False --regularised True --elitism 0 --mutation_rate 0.0 --crossover_strategy shortest_edit_path --crossover_rate 1
configs/einspace/base_config.yaml;--seed 1 --dataset addnist --generational False --regularised True --elitism 0 --mutation_rate 0.0 --crossover_strategy constrained_smith_waterman --crossover_rate 1
configs/einspace/base_config.yaml;--seed 1 --dataset addnist --generational False --regularised True --elitism 0 --mutation_rate 0.5 --crossover_strategy None --crossover_rate 0
configs/einspace/base_config.yaml;--seed 1 --dataset addnist --generational False --regularised True --elitism 0 --mutation_rate 0.5 --crossover_strategy one_point --crossover_rate 1
configs/einspace/base_config.yaml;--seed 1 --dataset addnist --generational False --regularised True --elitism 0 --mutation_rate 0.5 --crossover_strategy shortest_edit_path --crossover_rate 1
configs/einspace/base_config.yaml;--seed 1 --dataset addnist --generational False --regularised True --elitism 0 --mutation_rate 0.5 --crossover_strategy constrained_smith_waterman --crossover_rate 1
configs/einspace/base_config.yaml;--seed 1 --dataset addnist --generational False --regularised True --elitism 0 --mutation_rate 1.0 --crossover_strategy None --crossover_rate 0
configs/einspace/base_config.yaml;--seed 1 --dataset addnist --generational False --regularised True --elitism 0 --mutation_rate 1.0 --crossover_strategy one_point --crossover_rate 1
configs/einspace/base_config.yaml;--seed 1 --dataset addnist --generational False --regularised True --elitism 0 --mutation_rate 1.0 --crossover_strategy shortest_edit_path --crossover_rate 1
configs/einspace/base_config.yaml;--seed 1 --dataset addnist --generational False --regularised True --elitism 0 --mutation_rate 1.0 --crossover_strategy constrained_smith_waterman --crossover_rate 1
configs/einspace/base_config.yaml;--seed 1 --dataset addnist --generational True --regularised False --elitism 5 --mutation_rate 0.0 --crossover_strategy None --crossover_rate 0
configs/einspace/base_config.yaml;--seed 1 --dataset addnist --generational True --regularised False --elitism 5 --mutation_rate 0.0 --crossover_strategy one_point --crossover_rate 1
configs/einspace/base_config.yaml;--seed 1 --dataset addnist --generational True --regularised False --elitism 5 --mutation_rate 0.0 --crossover_strategy shortest_edit_path --crossover_rate 1
configs/einspace/base_config.yaml;--seed 1 --dataset addnist --generational True --regularised False --elitism 5 --mutation_rate 0.0 --crossover_strategy constrained_smith_waterman --crossover_rate 1
configs/einspace/base_config.yaml;--seed 1 --dataset addnist --generational True --regularised False --elitism 5 --mutation_rate 0.5 --crossover_strategy None --crossover_rate 0
configs/einspace/base_config.yaml;--seed 1 --dataset addnist --generational True --regularised False --elitism 5 --mutation_rate 0.5 --crossover_strategy one_point --crossover_rate 1
configs/einspace/base_config.yaml;--seed 1 --dataset addnist --generational True --regularised False --elitism 5 --mutation_rate 0.5 --crossover_strategy shortest_edit_path --crossover_rate 1
configs/einspace/base_config.yaml;--seed 1 --dataset addnist --generational True --regularised False --elitism 5 --mutation_rate 0.5 --crossover_strategy constrained_smith_waterman --crossover_rate 1
configs/einspace/base_config.yaml;--seed 1 --dataset addnist --generational True --regularised False --elitism 5 --mutation_rate 1.0 --crossover_strategy None --crossover_rate 0
configs/einspace/base_config.yaml;--seed 1 --dataset addnist --generational True --regularised False --elitism 5 --mutation_rate 1.0 --crossover_strategy one_point --crossover_rate 1
configs/einspace/base_config.yaml;--seed 1 --dataset addnist --generational True --regularised False --elitism 5 --mutation_rate 1.0 --crossover_strategy shortest_edit_path --crossover_rate 1
configs/einspace/base_config.yaml;--seed 1 --dataset addnist --generational True --regularised False --elitism 5 --mutation_rate 1.0 --crossover_strategy constrained_smith_waterman --crossover_rate 1
configs/einspace/base_config.yaml;--seed 1 --dataset language --generational False --regularised True --elitism 0 --mutation_rate 0.0 --crossover_strategy None --crossover_rate 0
configs/einspace/base_config.yaml;--seed 1 --dataset language --generational False --regularised True --elitism 0 --mutation_rate 0.0 --crossover_strategy one_point --crossover_rate 1
configs/einspace/base_config.yaml;--seed 1 --dataset language --generational False --regularised True --elitism 0 --mutation_rate 0.0 --crossover_strategy shortest_edit_path --crossover_rate 1
configs/einspace/base_config.yaml;--seed 1 --dataset language --generational False --regularised True --elitism 0 --mutation_rate 0.0 --crossover_strategy constrained_smith_waterman --crossover_rate 1
configs/einspace/base_config.yaml;--seed 1 --dataset language --generational False --regularised True --elitism 0 --mutation_rate 0.5 --crossover_strategy None --crossover_rate 0
configs/einspace/base_config.yaml;--seed 1 --dataset language --generational False --regularised True --elitism 0 --mutation_rate 0.5 --crossover_strategy one_point --crossover_rate 1
configs/einspace/base_config.yaml;--seed 1 --dataset language --generational False --regularised True --elitism 0 --mutation_rate 0.5 --crossover_strategy shortest_edit_path --crossover_rate 1
configs/einspace/base_config.yaml;--seed 1 --dataset language --generational False --regularised True --elitism 0 --mutation_rate 0.5 --crossover_strategy constrained_smith_waterman --crossover_rate 1
configs/einspace/base_config.yaml;--seed 1 --dataset language --generational False --regularised True --elitism 0 --mutation_rate 1.0 --crossover_strategy None --crossover_rate 0
configs/einspace/base_config.yaml;--seed 1 --dataset language --generational False --regularised True --elitism 0 --mutation_rate 1.0 --crossover_strategy one_point --crossover_rate 1
configs/einspace/base_config.yaml;--seed 1 --dataset language --generational False --regularised True --elitism 0 --mutation_rate 1.0 --crossover_strategy shortest_edit_path --crossover_rate 1
configs/einspace/base_config.yaml;--seed 1 --dataset language --generational False --regularised True --elitism 0 --mutation_rate 1.0 --crossover_strategy constrained_smith_waterman --crossover_rate 1
configs/einspace/base_config.yaml;--seed 1 --dataset language --generational True --regularised False --elitism 5 --mutation_rate 0.0 --crossover_strategy None --crossover_rate 0
configs/einspace/base_config.yaml;--seed 1 --dataset language --generational True --regularised False --elitism 5 --mutation_rate 0.0 --crossover_strategy one_point --crossover_rate 1
configs/einspace/base_config.yaml;--seed 1 --dataset language --generational True --regularised False --elitism 5 --mutation_rate 0.0 --crossover_strategy shortest_edit_path --crossover_rate 1
configs/einspace/base_config.yaml;--seed 1 --dataset language --generational True --regularised False --elitism 5 --mutation_rate 0.0 --crossover_strategy constrained_smith_waterman --crossover_rate 1
configs/einspace/base_config.yaml;--seed 1 --dataset language --generational True --regularised False --elitism 5 --mutation_rate 0.5 --crossover_strategy None --crossover_rate 0
configs/einspace/base_config.yaml;--seed 1 --dataset language --generational True --regularised False --elitism 5 --mutation_rate 0.5 --crossover_strategy one_point --crossover_rate 1
configs/einspace/base_config.yaml;--seed 1 --dataset language --generational True --regularised False --elitism 5 --mutation_rate 0.5 --crossover_strategy shortest_edit_path --crossover_rate 1
configs/einspace/base_config.yaml;--seed 1 --dataset language --generational True --regularised False --elitism 5 --mutation_rate 0.5 --crossover_strategy constrained_smith_waterman --crossover_rate 1
configs/einspace/base_config.yaml;--seed 1 --dataset language --generational True --regularised False --elitism 5 --mutation_rate 1.0 --crossover_strategy None --crossover_rate 0
configs/einspace/base_config.yaml;--seed 1 --dataset language --generational True --regularised False --elitism 5 --mutation_rate 1.0 --crossover_strategy one_point --crossover_rate 1
configs/einspace/base_config.yaml;--seed 1 --dataset language --generational True --regularised False --elitism 5 --mutation_rate 1.0 --crossover_strategy shortest_edit_path --crossover_rate 1
configs/einspace/base_config.yaml;--seed 1 --dataset language --generational True --regularised False --elitism 5 --mutation_rate 1.0 --crossover_strategy constrained_smith_waterman --crossover_rate 1
configs/einspace/base_config.yaml;--seed 1 --dataset multnist --generational False --regularised True --elitism 0 --mutation_rate 0.0 --crossover_strategy None --crossover_rate 0
configs/einspace/base_config.yaml;--seed 1 --dataset multnist --generational False --regularised True --elitism 0 --mutation_rate 0.0 --crossover_strategy one_point --crossover_rate 1
configs/einspace/base_config.yaml;--seed 1 --dataset multnist --generational False --regularised True --elitism 0 --mutation_rate 0.0 --crossover_strategy shortest_edit_path --crossover_rate 1
configs/einspace/base_config.yaml;--seed 1 --dataset multnist --generational False --regularised True --elitism 0 --mutation_rate 0.0 --crossover_strategy constrained_smith_waterman --crossover_rate 1
configs/einspace/base_config.yaml;--seed 1 --dataset multnist --generational False --regularised True --elitism 0 --mutation_rate 0.5 --crossover_strategy None --crossover_rate 0
configs/einspace/base_config.yaml;--seed 1 --dataset multnist --generational False --regularised True --elitism 0 --mutation_rate 0.5 --crossover_strategy one_point --crossover_rate 1
configs/einspace/base_config.yaml;--seed 1 --dataset multnist --generational False --regularised True --elitism 0 --mutation_rate 0.5 --crossover_strategy shortest_edit_path --crossover_rate 1
configs/einspace/base_config.yaml;--seed 1 --dataset multnist --generational False --regularised True --elitism 0 --mutation_rate 0.5 --crossover_strategy constrained_smith_waterman --crossover_rate 1
configs/einspace/base_config.yaml;--seed 1 --dataset multnist --generational False --regularised True --elitism 0 --mutation_rate 1.0 --crossover_strategy None --crossover_rate 0
configs/einspace/base_config.yaml;--seed 1 --dataset multnist --generational False --regularised True --elitism 0 --mutation_rate 1.0 --crossover_strategy one_point --crossover_rate 1
configs/einspace/base_config.yaml;--seed 1 --dataset multnist --generational False --regularised True --elitism 0 --mutation_rate 1.0 --crossover_strategy shortest_edit_path --crossover_rate 1
configs/einspace/base_config.yaml;--seed 1 --dataset multnist --generational False --regularised True --elitism 0 --mutation_rate 1.0 --crossover_strategy constrained_smith_waterman --crossover_rate 1
configs/einspace/base_config.yaml;--seed 1 --dataset multnist --generational True --regularised False --elitism 5 --mutation_rate 0.0 --crossover_strategy None --crossover_rate 0
configs/einspace/base_config.yaml;--seed 1 --dataset multnist --generational True --regularised False --elitism 5 --mutation_rate 0.0 --crossover_strategy one_point --crossover_rate 1
configs/einspace/base_config.yaml;--seed 1 --dataset multnist --generational True --regularised False --elitism 5 --mutation_rate 0.0 --crossover_strategy shortest_edit_path --crossover_rate 1
configs/einspace/base_config.yaml;--seed 1 --dataset multnist --generational True --regularised False --elitism 5 --mutation_rate 0.0 --crossover_strategy constrained_smith_waterman --crossover_rate 1
configs/einspace/base_config.yaml;--seed 1 --dataset multnist --generational True --regularised False --elitism 5 --mutation_rate 0.5 --crossover_strategy None --crossover_rate 0
configs/einspace/base_config.yaml;--seed 1 --dataset multnist --generational True --regularised False --elitism 5 --mutation_rate 0.5 --crossover_strategy one_point --crossover_rate 1
configs/einspace/base_config.yaml;--seed 1 --dataset multnist --generational True --regularised False --elitism 5 --mutation_rate 0.5 --crossover_strategy shortest_edit_path --crossover_rate 1
configs/einspace/base_config.yaml;--seed 1 --dataset multnist --generational True --regularised False --elitism 5 --mutation_rate 0.5 --crossover_strategy constrained_smith_waterman --crossover_rate 1
configs/einspace/base_config.yaml;--seed 1 --dataset multnist --generational True --regularised False --elitism 5 --mutation_rate 1.0 --crossover_strategy None --crossover_rate 0
configs/einspace/base_config.yaml;--seed 1 --dataset multnist --generational True --regularised False --elitism 5 --mutation_rate 1.0 --crossover_strategy one_point --crossover_rate 1
configs/einspace/base_config.yaml;--seed 1 --dataset multnist --generational True --regularised False --elitism 5 --mutation_rate 1.0 --crossover_strategy shortest_edit_path --crossover_rate 1
configs/einspace/base_config.yaml;--seed 1 --dataset multnist --generational True --regularised False --elitism 5 --mutation_rate 1.0 --crossover_strategy constrained_smith_waterman --crossover_rate 1
configs/einspace/base_config.yaml;--seed 1 --dataset cifartile --generational False --regularised True --elitism 0 --mutation_rate 0.0 --crossover_strategy None --crossover_rate 0
configs/einspace/base_config.yaml;--seed 1 --dataset cifartile --generational False --regularised True --elitism 0 --mutation_rate 0.0 --crossover_strategy one_point --crossover_rate 1
configs/einspace/base_config.yaml;--seed 1 --dataset cifartile --generational False --regularised True --elitism 0 --mutation_rate 0.0 --crossover_strategy shortest_edit_path --crossover_rate 1
configs/einspace/base_config.yaml;--seed 1 --dataset cifartile --generational False --regularised True --elitism 0 --mutation_rate 0.0 --crossover_strategy constrained_smith_waterman --crossover_rate 1
configs/einspace/base_config.yaml;--seed 1 --dataset cifartile --generational False --regularised True --elitism 0 --mutation_rate 0.5 --crossover_strategy None --crossover_rate 0
configs/einspace/base_config.yaml;--seed 1 --dataset cifartile --generational False --regularised True --elitism 0 --mutation_rate 0.5 --crossover_strategy one_point --crossover_rate 1
configs/einspace/base_config.yaml;--seed 1 --dataset cifartile --generational False --regularised True --elitism 0 --mutation_rate 0.5 --crossover_strategy shortest_edit_path --crossover_rate 1
configs/einspace/base_config.yaml;--seed 1 --dataset cifartile --generational False --regularised True --elitism 0 --mutation_rate 0.5 --crossover_strategy constrained_smith_waterman --crossover_rate 1
configs/einspace/base_config.yaml;--seed 1 --dataset cifartile --generational False --regularised True --elitism 0 --mutation_rate 1.0 --crossover_strategy None --crossover_rate 0
configs/einspace/base_config.yaml;--seed 1 --dataset cifartile --generational False --regularised True --elitism 0 --mutation_rate 1.0 --crossover_strategy one_point --crossover_rate 1
configs/einspace/base_config.yaml;--seed 1 --dataset cifartile --generational False --regularised True --elitism 0 --mutation_rate 1.0 --crossover_strategy shortest_edit_path --crossover_rate 1
configs/einspace/base_config.yaml;--seed 1 --dataset cifartile --generational False --regularised True --elitism 0 --mutation_rate 1.0 --crossover_strategy constrained_smith_waterman --crossover_rate 1
configs/einspace/base_config.yaml;--seed 1 --dataset cifartile --generational True --regularised False --elitism 5 --mutation_rate 0.0 --crossover_strategy None --crossover_rate 0
configs/einspace/base_config.yaml;--seed 1 --dataset cifartile --generational True --regularised False --elitism 5 --mutation_rate 0.0 --crossover_strategy one_point --crossover_rate 1
configs/einspace/base_config.yaml;--seed 1 --dataset cifartile --generational True --regularised False --elitism 5 --mutation_rate 0.0 --crossover_strategy shortest_edit_path --crossover_rate 1
configs/einspace/base_config.yaml;--seed 1 --dataset cifartile --generational True --regularised False --elitism 5 --mutation_rate 0.0 --crossover_strategy constrained_smith_waterman --crossover_rate 1
configs/einspace/base_config.yaml;--seed 1 --dataset cifartile --generational True --regularised False --elitism 5 --mutation_rate 0.5 --crossover_strategy None --crossover_rate 0
configs/einspace/base_config.yaml;--seed 1 --dataset cifartile --generational True --regularised False --elitism 5 --mutation_rate 0.5 --crossover_strategy one_point --crossover_rate 1
configs/einspace/base_config.yaml;--seed 1 --dataset cifartile --generational True --regularised False --elitism 5 --mutation_rate 0.5 --crossover_strategy shortest_edit_path --crossover_rate 1
configs/einspace/base_config.yaml;--seed 1 --dataset cifartile --generational True --regularised False --elitism 5 --mutation_rate 0.5 --crossover_strategy constrained_smith_waterman --crossover_rate 1
configs/einspace/base_config.yaml;--seed 1 --dataset cifartile --generational True --regularised False --elitism 5 --mutation_rate 1.0 --crossover_strategy None --crossover_rate 0
configs/einspace/base_config.yaml;--seed 1 --dataset cifartile --generational True --regularised False --elitism 5 --mutation_rate 1.0 --crossover_strategy one_point --crossover_rate 1
configs/einspace/base_config.yaml;--seed 1 --dataset cifartile --generational True --regularised False --elitism 5 --mutation_rate 1.0 --crossover_strategy shortest_edit_path --crossover_rate 1
configs/einspace/base_config.yaml;--seed 1 --dataset cifartile --generational True --regularised False --elitism 5 --mutation_rate 1.0 --crossover_strategy constrained_smith_waterman --crossover_rate 1
configs/einspace/base_config.yaml;--seed 1 --dataset gutenberg --generational False --regularised True --elitism 0 --mutation_rate 0.0 --crossover_strategy None --crossover_rate 0
configs/einspace/base_config.yaml;--seed 1 --dataset gutenberg --generational False --regularised True --elitism 0 --mutation_rate 0.0 --crossover_strategy one_point --crossover_rate 1
configs/einspace/base_config.yaml;--seed 1 --dataset gutenberg --generational False --regularised True --elitism 0 --mutation_rate 0.0 --crossover_strategy shortest_edit_path --crossover_rate 1
configs/einspace/base_config.yaml;--seed 1 --dataset gutenberg --generational False --regularised True --elitism 0 --mutation_rate 0.0 --crossover_strategy constrained_smith_waterman --crossover_rate 1
configs/einspace/base_config.yaml;--seed 1 --dataset gutenberg --generational False --regularised True --elitism 0 --mutation_rate 0.5 --crossover_strategy None --crossover_rate 0
configs/einspace/base_config.yaml;--seed 1 --dataset gutenberg --generational False --regularised True --elitism 0 --mutation_rate 0.5 --crossover_strategy one_point --crossover_rate 1
configs/einspace/base_config.yaml;--seed 1 --dataset gutenberg --generational False --regularised True --elitism 0 --mutation_rate 0.5 --crossover_strategy shortest_edit_path --crossover_rate 1
configs/einspace/base_config.yaml;--seed 1 --dataset gutenberg --generational False --regularised True --elitism 0 --mutation_rate 0.5 --crossover_strategy constrained_smith_waterman --crossover_rate 1
configs/einspace/base_config.yaml;--seed 1 --dataset gutenberg --generational False --regularised True --elitism 0 --mutation_rate 1.0 --crossover_strategy None --crossover_rate 0
configs/einspace/base_config.yaml;--seed 1 --dataset gutenberg --generational False --regularised True --elitism 0 --mutation_rate 1.0 --crossover_strategy one_point --crossover_rate 1
configs/einspace/base_config.yaml;--seed 1 --dataset gutenberg --generational False --regularised True --elitism 0 --mutation_rate 1.0 --crossover_strategy shortest_edit_path --crossover_rate 1
configs/einspace/base_config.yaml;--seed 1 --dataset gutenberg --generational False --regularised True --elitism 0 --mutation_rate 1.0 --crossover_strategy constrained_smith_waterman --crossover_rate 1
configs/einspace/base_config.yaml;--seed 1 --dataset gutenberg --generational True --regularised False --elitism 5 --mutation_rate 0.0 --crossover_strategy None --crossover_rate 0
configs/einspace/base_config.yaml;--seed 1 --dataset gutenberg --generational True --regularised False --elitism 5 --mutation_rate 0.0 --crossover_strategy one_point --crossover_rate 1
configs/einspace/base_config.yaml;--seed 1 --dataset gutenberg --generational True --regularised False --elitism 5 --mutation_rate 0.0 --crossover_strategy shortest_edit_path --crossover_rate 1
configs/einspace/base_config.yaml;--seed 1 --dataset gutenberg --generational True --regularised False --elitism 5 --mutation_rate 0.0 --crossover_strategy constrained_smith_waterman --crossover_rate 1
configs/einspace/base_config.yaml;--seed 1 --dataset gutenberg --generational True --regularised False --elitism 5 --mutation_rate 0.5 --crossover_strategy None --crossover_rate 0
configs/einspace/base_config.yaml;--seed 1 --dataset gutenberg --generational True --regularised False --elitism 5 --mutation_rate 0.5 --crossover_strategy one_point --crossover_rate 1
configs/einspace/base_config.yaml;--seed 1 --dataset gutenberg --generational True --regularised False --elitism 5 --mutation_rate 0.5 --crossover_strategy shortest_edit_path --crossover_rate 1
configs/einspace/base_config.yaml;--seed 1 --dataset gutenberg --generational True --regularised False --elitism 5 --mutation_rate 0.5 --crossover_strategy constrained_smith_waterman --crossover_rate 1
configs/einspace/base_config.yaml;--seed 1 --dataset gutenberg --generational True --regularised False --elitism 5 --mutation_rate 1.0 --crossover_strategy None --crossover_rate 0
configs/einspace/base_config.yaml;--seed 1 --dataset gutenberg --generational True --regularised False --elitism 5 --mutation_rate 1.0 --crossover_strategy one_point --crossover_rate 1
configs/einspace/base_config.yaml;--seed 1 --dataset gutenberg --generational True --regularised False --elitism 5 --mutation_rate 1.0 --crossover_strategy shortest_edit_path --crossover_rate 1
configs/einspace/base_config.yaml;--seed 1 --dataset gutenberg --generational True --regularised False --elitism 5 --mutation_rate 1.0 --crossover_strategy constrained_smith_waterman --crossover_rate 1
configs/einspace/base_config.yaml;--seed 1 --dataset isabella --generational False --regularised True --elitism 0 --mutation_rate 0.0 --crossover_strategy None --crossover_rate 0
configs/einspace/base_config.yaml;--seed 1 --dataset isabella --generational False --regularised True --elitism 0 --mutation_rate 0.0 --crossover_strategy one_point --crossover_rate 1
configs/einspace/base_config.yaml;--seed 1 --dataset isabella --generational False --regularised True --elitism 0 --mutation_rate 0.0 --crossover_strategy shortest_edit_path --crossover_rate 1
configs/einspace/base_config.yaml;--seed 1 --dataset isabella --generational False --regularised True --elitism 0 --mutation_rate 0.0 --crossover_strategy constrained_smith_waterman --crossover_rate 1
configs/einspace/base_config.yaml;--seed 1 --dataset isabella --generational False --regularised True --elitism 0 --mutation_rate 0.5 --crossover_strategy None --crossover_rate 0
configs/einspace/base_config.yaml;--seed 1 --dataset isabella --generational False --regularised True --elitism 0 --mutation_rate 0.5 --crossover_strategy one_point --crossover_rate 1
configs/einspace/base_config.yaml;--seed 1 --dataset isabella --generational False --regularised True --elitism 0 --mutation_rate 0.5 --crossover_strategy shortest_edit_path --crossover_rate 1
configs/einspace/base_config.yaml;--seed 1 --dataset isabella --generational False --regularised True --elitism 0 --mutation_rate 0.5 --crossover_strategy constrained_smith_waterman --crossover_rate 1
configs/einspace/base_config.yaml;--seed 1 --dataset isabella --generational False --regularised True --elitism 0 --mutation_rate 1.0 --crossover_strategy None --crossover_rate 0
configs/einspace/base_config.yaml;--seed 1 --dataset isabella --generational False --regularised True --elitism 0 --mutation_rate 1.0 --crossover_strategy one_point --crossover_rate 1
configs/einspace/base_config.yaml;--seed 1 --dataset isabella --generational False --regularised True --elitism 0 --mutation_rate 1.0 --crossover_strategy shortest_edit_path --crossover_rate 1
configs/einspace/base_config.yaml;--seed 1 --dataset isabella --generational False --regularised True --elitism 0 --mutation_rate 1.0 --crossover_strategy constrained_smith_waterman --crossover_rate 1
configs/einspace/base_config.yaml;--seed 1 --dataset isabella --generational True --regularised False --elitism 5 --mutation_rate 0.0 --crossover_strategy None --crossover_rate 0
configs/einspace/base_config.yaml;--seed 1 --dataset isabella --generational True --regularised False --elitism 5 --mutation_rate 0.0 --crossover_strategy one_point --crossover_rate 1
configs/einspace/base_config.yaml;--seed 1 --dataset isabella --generational True --regularised False --elitism 5 --mutation_rate 0.0 --crossover_strategy shortest_edit_path --crossover_rate 1
configs/einspace/base_config.yaml;--seed 1 --dataset isabella --generational True --regularised False --elitism 5 --mutation_rate 0.0 --crossover_strategy constrained_smith_waterman --crossover_rate 1
configs/einspace/base_config.yaml;--seed 1 --dataset isabella --generational True --regularised False --elitism 5 --mutation_rate 0.5 --crossover_strategy None --crossover_rate 0
configs/einspace/base_config.yaml;--seed 1 --dataset isabella --generational True --regularised False --elitism 5 --mutation_rate 0.5 --crossover_strategy one_point --crossover_rate 1
configs/einspace/base_config.yaml;--seed 1 --dataset isabella --generational True --regularised False --elitism 5 --mutation_rate 0.5 --crossover_strategy shortest_edit_path --crossover_rate 1
configs/einspace/base_config.yaml;--seed 1 --dataset isabella --generational True --regularised False --elitism 5 --mutation_rate 0.5 --crossover_strategy constrained_smith_waterman --crossover_rate 1
configs/einspace/base_config.yaml;--seed 1 --dataset isabella --generational True --regularised False --elitism 5 --mutation_rate 1.0 --crossover_strategy None --crossover_rate 0
configs/einspace/base_config.yaml;--seed 1 --dataset isabella --generational True --regularised False --elitism 5 --mutation_rate 1.0 --crossover_strategy one_point --crossover_rate 1
configs/einspace/base_config.yaml;--seed 1 --dataset isabella --generational True --regularised False --elitism 5 --mutation_rate 1.0 --crossover_strategy shortest_edit_path --crossover_rate 1
configs/einspace/base_config.yaml;--seed 1 --dataset isabella --generational True --regularised False --elitism 5 --mutation_rate 1.0 --crossover_strategy constrained_smith_waterman --crossover_rate 1
configs/einspace/base_config.yaml;--seed 1 --dataset geoclassing --generational False --regularised True --elitism 0 --mutation_rate 0.0 --crossover_strategy None --crossover_rate 0
configs/einspace/base_config.yaml;--seed 1 --dataset geoclassing --generational False --regularised True --elitism 0 --mutation_rate 0.0 --crossover_strategy one_point --crossover_rate 1
configs/einspace/base_config.yaml;--seed 1 --dataset geoclassing --generational False --regularised True --elitism 0 --mutation_rate 0.0 --crossover_strategy shortest_edit_path --crossover_rate 1
configs/einspace/base_config.yaml;--seed 1 --dataset geoclassing --generational False --regularised True --elitism 0 --mutation_rate 0.0 --crossover_strategy constrained_smith_waterman --crossover_rate 1
configs/einspace/base_config.yaml;--seed 1 --dataset geoclassing --generational False --regularised True --elitism 0 --mutation_rate 0.5 --crossover_strategy None --crossover_rate 0
configs/einspace/base_config.yaml;--seed 1 --dataset geoclassing --generational False --regularised True --elitism 0 --mutation_rate 0.5 --crossover_strategy one_point --crossover_rate 1
configs/einspace/base_config.yaml;--seed 1 --dataset geoclassing --generational False --regularised True --elitism 0 --mutation_rate 0.5 --crossover_strategy shortest_edit_path --crossover_rate 1
configs/einspace/base_config.yaml;--seed 1 --dataset geoclassing --generational False --regularised True --elitism 0 --mutation_rate 0.5 --crossover_strategy constrained_smith_waterman --crossover_rate 1
configs/einspace/base_config.yaml;--seed 1 --dataset geoclassing --generational False --regularised True --elitism 0 --mutation_rate 1.0 --crossover_strategy None --crossover_rate 0
configs/einspace/base_config.yaml;--seed 1 --dataset geoclassing --generational False --regularised True --elitism 0 --mutation_rate 1.0 --crossover_strategy one_point --crossover_rate 1
configs/einspace/base_config.yaml;--seed 1 --dataset geoclassing --generational False --regularised True --elitism 0 --mutation_rate 1.0 --crossover_strategy shortest_edit_path --crossover_rate 1
configs/einspace/base_config.yaml;--seed 1 --dataset geoclassing --generational False --regularised True --elitism 0 --mutation_rate 1.0 --crossover_strategy constrained_smith_waterman --crossover_rate 1
configs/einspace/base_config.yaml;--seed 1 --dataset geoclassing --generational True --regularised False --elitism 5 --mutation_rate 0.0 --crossover_strategy None --crossover_rate 0
configs/einspace/base_config.yaml;--seed 1 --dataset geoclassing --generational True --regularised False --elitism 5 --mutation_rate 0.0 --crossover_strategy one_point --crossover_rate 1
configs/einspace/base_config.yaml;--seed 1 --dataset geoclassing --generational True --regularised False --elitism 5 --mutation_rate 0.0 --crossover_strategy shortest_edit_path --crossover_rate 1
configs/einspace/base_config.yaml;--seed 1 --dataset geoclassing --generational True --regularised False --elitism 5 --mutation_rate 0.0 --crossover_strategy constrained_smith_waterman --crossover_rate 1
configs/einspace/base_config.yaml;--seed 1 --dataset geoclassing --generational True --regularised False --elitism 5 --mutation_rate 0.5 --crossover_strategy None --crossover_rate 0
configs/einspace/base_config.yaml;--seed 1 --dataset geoclassing --generational True --regularised False --elitism 5 --mutation_rate 0.5 --crossover_strategy one_point --crossover_rate 1
configs/einspace/base_config.yaml;--seed 1 --dataset geoclassing --generational True --regularised False --elitism 5 --mutation_rate 0.5 --crossover_strategy shortest_edit_path --crossover_rate 1
configs/einspace/base_config.yaml;--seed 1 --dataset geoclassing --generational True --regularised False --elitism 5 --mutation_rate 0.5 --crossover_strategy constrained_smith_waterman --crossover_rate 1
configs/einspace/base_config.yaml;--seed 1 --dataset geoclassing --generational True --regularised False --elitism 5 --mutation_rate 1.0 --crossover_strategy None --crossover_rate 0
configs/einspace/base_config.yaml;--seed 1 --dataset geoclassing --generational True --regularised False --elitism 5 --mutation_rate 1.0 --crossover_strategy one_point --crossover_rate 1
configs/einspace/base_config.yaml;--seed 1 --dataset geoclassing --generational True --regularised False --elitism 5 --mutation_rate 1.0 --crossover_strategy shortest_edit_path --crossover_rate 1
configs/einspace/base_config.yaml;--seed 1 --dataset geoclassing --generational True --regularised False --elitism 5 --mutation_rate 1.0 --crossover_strategy constrained_smith_waterman --crossover_rate 1
configs/einspace/base_config.yaml;--seed 1 --dataset chesseract --generational False --regularised True --elitism 0 --mutation_rate 0.0 --crossover_strategy None --crossover_rate 0
configs/einspace/base_config.yaml;--seed 1 --dataset chesseract --generational False --regularised True --elitism 0 --mutation_rate 0.0 --crossover_strategy one_point --crossover_rate 1
configs/einspace/base_config.yaml;--seed 1 --dataset chesseract --generational False --regularised True --elitism 0 --mutation_rate 0.0 --crossover_strategy shortest_edit_path --crossover_rate 1
configs/einspace/base_config.yaml;--seed 1 --dataset chesseract --generational False --regularised True --elitism 0 --mutation_rate 0.0 --crossover_strategy constrained_smith_waterman --crossover_rate 1
configs/einspace/base_config.yaml;--seed 1 --dataset chesseract --generational False --regularised True --elitism 0 --mutation_rate 0.5 --crossover_strategy None --crossover_rate 0
configs/einspace/base_config.yaml;--seed 1 --dataset chesseract --generational False --regularised True --elitism 0 --mutation_rate 0.5 --crossover_strategy one_point --crossover_rate 1
configs/einspace/base_config.yaml;--seed 1 --dataset chesseract --generational False --regularised True --elitism 0 --mutation_rate 0.5 --crossover_strategy shortest_edit_path --crossover_rate 1
configs/einspace/base_config.yaml;--seed 1 --dataset chesseract --generational False --regularised True --elitism 0 --mutation_rate 0.5 --crossover_strategy constrained_smith_waterman --crossover_rate 1
configs/einspace/base_config.yaml;--seed 1 --dataset chesseract --generational False --regularised True --elitism 0 --mutation_rate 1.0 --crossover_strategy None --crossover_rate 0
configs/einspace/base_config.yaml;--seed 1 --dataset chesseract --generational False --regularised True --elitism 0 --mutation_rate 1.0 --crossover_strategy one_point --crossover_rate 1
configs/einspace/base_config.yaml;--seed 1 --dataset chesseract --generational False --regularised True --elitism 0 --mutation_rate 1.0 --crossover_strategy shortest_edit_path --crossover_rate 1
configs/einspace/base_config.yaml;--seed 1 --dataset chesseract --generational False --regularised True --elitism 0 --mutation_rate 1.0 --crossover_strategy constrained_smith_waterman --crossover_rate 1
configs/einspace/base_config.yaml;--seed 1 --dataset chesseract --generational True --regularised False --elitism 5 --mutation_rate 0.0 --crossover_strategy None --crossover_rate 0
configs/einspace/base_config.yaml;--seed 1 --dataset chesseract --generational True --regularised False --elitism 5 --mutation_rate 0.0 --crossover_strategy one_point --crossover_rate 1
configs/einspace/base_config.yaml;--seed 1 --dataset chesseract --generational True --regularised False --elitism 5 --mutation_rate 0.0 --crossover_strategy shortest_edit_path --crossover_rate 1
configs/einspace/base_config.yaml;--seed 1 --dataset chesseract --generational True --regularised False --elitism 5 --mutation_rate 0.0 --crossover_strategy constrained_smith_waterman --crossover_rate 1
configs/einspace/base_config.yaml;--seed 1 --dataset chesseract --generational True --regularised False --elitism 5 --mutation_rate 0.5 --crossover_strategy None --crossover_rate 0
configs/einspace/base_config.yaml;--seed 1 --dataset chesseract --generational True --regularised False --elitism 5 --mutation_rate 0.5 --crossover_strategy one_point --crossover_rate 1
configs/einspace/base_config.yaml;--seed 1 --dataset chesseract --generational True --regularised False --elitism 5 --mutation_rate 0.5 --crossover_strategy shortest_edit_path --crossover_rate 1
configs/einspace/base_config.yaml;--seed 1 --dataset chesseract --generational True --regularised False --elitism 5 --mutation_rate 0.5 --crossover_strategy constrained_smith_waterman --crossover_rate 1
configs/einspace/base_config.yaml;--seed 1 --dataset chesseract --generational True --regularised False --elitism 5 --mutation_rate 1.0 --crossover_strategy None --crossover_rate 0
configs/einspace/base_config.yaml;--seed 1 --dataset chesseract --generational True --regularised False --elitism 5 --mutation_rate 1.0 --crossover_strategy one_point --crossover_rate 1
configs/einspace/base_config.yaml;--seed 1 --dataset chesseract --generational True --regularised False --elitism 5 --mutation_rate 1.0 --crossover_strategy shortest_edit_path --crossover_rate 1
configs/einspace/base_config.yaml;--seed 1 --dataset chesseract --generational True --regularised False --elitism 5 --mutation_rate 1.0 --crossover_strategy constrained_smith_waterman --crossover_rate 1
configs/einspace/base_config.yaml;--seed 2 --dataset cifar10 --generational False --regularised True --elitism 0 --mutation_rate 0.0 --crossover_strategy None --crossover_rate 0
configs/einspace/base_config.yaml;--seed 2 --dataset cifar10 --generational False --regularised True --elitism 0 --mutation_rate 0.0 --crossover_strategy one_point --crossover_rate 1
configs/einspace/base_config.yaml;--seed 2 --dataset cifar10 --generational False --regularised True --elitism 0 --mutation_rate 0.0 --crossover_strategy shortest_edit_path --crossover_rate 1
configs/einspace/base_config.yaml;--seed 2 --dataset cifar10 --generational False --regularised True --elitism 0 --mutation_rate 0.0 --crossover_strategy constrained_smith_waterman --crossover_rate 1
configs/einspace/base_config.yaml;--seed 2 --dataset cifar10 --generational False --regularised True --elitism 0 --mutation_rate 0.5 --crossover_strategy None --crossover_rate 0
configs/einspace/base_config.yaml;--seed 2 --dataset cifar10 --generational False --regularised True --elitism 0 --mutation_rate 0.5 --crossover_strategy one_point --crossover_rate 1
configs/einspace/base_config.yaml;--seed 2 --dataset cifar10 --generational False --regularised True --elitism 0 --mutation_rate 0.5 --crossover_strategy shortest_edit_path --crossover_rate 1
configs/einspace/base_config.yaml;--seed 2 --dataset cifar10 --generational False --regularised True --elitism 0 --mutation_rate 0.5 --crossover_strategy constrained_smith_waterman --crossover_rate 1
configs/einspace/base_config.yaml;--seed 2 --dataset cifar10 --generational False --regularised True --elitism 0 --mutation_rate 1.0 --crossover_strategy None --crossover_rate 0
configs/einspace/base_config.yaml;--seed 2 --dataset cifar10 --generational False --regularised True --elitism 0 --mutation_rate 1.0 --crossover_strategy one_point --crossover_rate 1
configs/einspace/base_config.yaml;--seed 2 --dataset cifar10 --generational False --regularised True --elitism 0 --mutation_rate 1.0 --crossover_strategy shortest_edit_path --crossover_rate 1
configs/einspace/base_config.yaml;--seed 2 --dataset cifar10 --generational False --regularised True --elitism 0 --mutation_rate 1.0 --crossover_strategy constrained_smith_waterman --crossover_rate 1
configs/einspace/base_config.yaml;--seed 2 --dataset cifar10 --generational True --regularised False --elitism 5 --mutation_rate 0.0 --crossover_strategy None --crossover_rate 0
configs/einspace/base_config.yaml;--seed 2 --dataset cifar10 --generational True --regularised False --elitism 5 --mutation_rate 0.0 --crossover_strategy one_point --crossover_rate 1
configs/einspace/base_config.yaml;--seed 2 --dataset cifar10 --generational True --regularised False --elitism 5 --mutation_rate 0.0 --crossover_strategy shortest_edit_path --crossover_rate 1
configs/einspace/base_config.yaml;--seed 2 --dataset cifar10 --generational True --regularised False --elitism 5 --mutation_rate 0.0 --crossover_strategy constrained_smith_waterman --crossover_rate 1
configs/einspace/base_config.yaml;--seed 2 --dataset cifar10 --generational True --regularised False --elitism 5 --mutation_rate 0.5 --crossover_strategy None --crossover_rate 0
configs/einspace/base_config.yaml;--seed 2 --dataset cifar10 --generational True --regularised False --elitism 5 --mutation_rate 0.5 --crossover_strategy one_point --crossover_rate 1
configs/einspace/base_config.yaml;--seed 2 --dataset cifar10 --generational True --regularised False --elitism 5 --mutation_rate 0.5 --crossover_strategy shortest_edit_path --crossover_rate 1
configs/einspace/base_config.yaml;--seed 2 --dataset cifar10 --generational True --regularised False --elitism 5 --mutation_rate 0.5 --crossover_strategy constrained_smith_waterman --crossover_rate 1
configs/einspace/base_config.yaml;--seed 2 --dataset cifar10 --generational True --regularised False --elitism 5 --mutation_rate 1.0 --crossover_strategy None --crossover_rate 0
configs/einspace/base_config.yaml;--seed 2 --dataset cifar10 --generational True --regularised False --elitism 5 --mutation_rate 1.0 --crossover_strategy one_point --crossover_rate 1
configs/einspace/base_config.yaml;--seed 2 --dataset cifar10 --generational True --regularised False --elitism 5 --mutation_rate 1.0 --crossover_strategy shortest_edit_path --crossover_rate 1
configs/einspace/base_config.yaml;--seed 2 --dataset cifar10 --generational True --regularised False --elitism 5 --mutation_rate 1.0 --crossover_strategy constrained_smith_waterman --crossover_rate 1
configs/einspace/base_config.yaml;--seed 2 --dataset cifar100 --generational False --regularised True --elitism 0 --mutation_rate 0.0 --crossover_strategy None --crossover_rate 0
configs/einspace/base_config.yaml;--seed 2 --dataset cifar100 --generational False --regularised True --elitism 0 --mutation_rate 0.0 --crossover_strategy one_point --crossover_rate 1
configs/einspace/base_config.yaml;--seed 2 --dataset cifar100 --generational False --regularised True --elitism 0 --mutation_rate 0.0 --crossover_strategy shortest_edit_path --crossover_rate 1
configs/einspace/base_config.yaml;--seed 2 --dataset cifar100 --generational False --regularised True --elitism 0 --mutation_rate 0.0 --crossover_strategy constrained_smith_waterman --crossover_rate 1
configs/einspace/base_config.yaml;--seed 2 --dataset cifar100 --generational False --regularised True --elitism 0 --mutation_rate 0.5 --crossover_strategy None --crossover_rate 0
configs/einspace/base_config.yaml;--seed 2 --dataset cifar100 --generational False --regularised True --elitism 0 --mutation_rate 0.5 --crossover_strategy one_point --crossover_rate 1
configs/einspace/base_config.yaml;--seed 2 --dataset cifar100 --generational False --regularised True --elitism 0 --mutation_rate 0.5 --crossover_strategy shortest_edit_path --crossover_rate 1
configs/einspace/base_config.yaml;--seed 2 --dataset cifar100 --generational False --regularised True --elitism 0 --mutation_rate 0.5 --crossover_strategy constrained_smith_waterman --crossover_rate 1
configs/einspace/base_config.yaml;--seed 2 --dataset cifar100 --generational False --regularised True --elitism 0 --mutation_rate 1.0 --crossover_strategy None --crossover_rate 0
configs/einspace/base_config.yaml;--seed 2 --dataset cifar100 --generational False --regularised True --elitism 0 --mutation_rate 1.0 --crossover_strategy one_point --crossover_rate 1
configs/einspace/base_config.yaml;--seed 2 --dataset cifar100 --generational False --regularised True --elitism 0 --mutation_rate 1.0 --crossover_strategy shortest_edit_path --crossover_rate 1
configs/einspace/base_config.yaml;--seed 2 --dataset cifar100 --generational False --regularised True --elitism 0 --mutation_rate 1.0 --crossover_strategy constrained_smith_waterman --crossover_rate 1
configs/einspace/base_config.yaml;--seed 2 --dataset cifar100 --generational True --regularised False --elitism 5 --mutation_rate 0.0 --crossover_strategy None --crossover_rate 0
configs/einspace/base_config.yaml;--seed 2 --dataset cifar100 --generational True --regularised False --elitism 5 --mutation_rate 0.0 --crossover_strategy one_point --crossover_rate 1
configs/einspace/base_config.yaml;--seed 2 --dataset cifar100 --generational True --regularised False --elitism 5 --mutation_rate 0.0 --crossover_strategy shortest_edit_path --crossover_rate 1
configs/einspace/base_config.yaml;--seed 2 --dataset cifar100 --generational True --regularised False --elitism 5 --mutation_rate 0.0 --crossover_strategy constrained_smith_waterman --crossover_rate 1
configs/einspace/base_config.yaml;--seed 2 --dataset cifar100 --generational True --regularised False --elitism 5 --mutation_rate 0.5 --crossover_strategy None --crossover_rate 0
configs/einspace/base_config.yaml;--seed 2 --dataset cifar100 --generational True --regularised False --elitism 5 --mutation_rate 0.5 --crossover_strategy one_point --crossover_rate 1
configs/einspace/base_config.yaml;--seed 2 --dataset cifar100 --generational True --regularised False --elitism 5 --mutation_rate 0.5 --crossover_strategy shortest_edit_path --crossover_rate 1
configs/einspace/base_config.yaml;--seed 2 --dataset cifar100 --generational True --regularised False --elitism 5 --mutation_rate 0.5 --crossover_strategy constrained_smith_waterman --crossover_rate 1
configs/einspace/base_config.yaml;--seed 2 --dataset cifar100 --generational True --regularised False --elitism 5 --mutation_rate 1.0 --crossover_strategy None --crossover_rate 0
configs/einspace/base_config.yaml;--seed 2 --dataset cifar100 --generational True --regularised False --elitism 5 --mutation_rate 1.0 --crossover_strategy one_point --crossover_rate 1
configs/einspace/base_config.yaml;--seed 2 --dataset cifar100 --generational True --regularised False --elitism 5 --mutation_rate 1.0 --crossover_strategy shortest_edit_path --crossover_rate 1
configs/einspace/base_config.yaml;--seed 2 --dataset cifar100 --generational True --regularised False --elitism 5 --mutation_rate 1.0 --crossover_strategy constrained_smith_waterman --crossover_rate 1
configs/einspace/base_config.yaml;--seed 2 --dataset addnist --generational False --regularised True --elitism 0 --mutation_rate 0.0 --crossover_strategy None --crossover_rate 0
configs/einspace/base_config.yaml;--seed 2 --dataset addnist --generational False --regularised True --elitism 0 --mutation_rate 0.0 --crossover_strategy one_point --crossover_rate 1
configs/einspace/base_config.yaml;--seed 2 --dataset addnist --generational False --regularised True --elitism 0 --mutation_rate 0.0 --crossover_strategy shortest_edit_path --crossover_rate 1
configs/einspace/base_config.yaml;--seed 2 --dataset addnist --generational False --regularised True --elitism 0 --mutation_rate 0.0 --crossover_strategy constrained_smith_waterman --crossover_rate 1
configs/einspace/base_config.yaml;--seed 2 --dataset addnist --generational False --regularised True --elitism 0 --mutation_rate 0.5 --crossover_strategy None --crossover_rate 0
configs/einspace/base_config.yaml;--seed 2 --dataset addnist --generational False --regularised True --elitism 0 --mutation_rate 0.5 --crossover_strategy one_point --crossover_rate 1
configs/einspace/base_config.yaml;--seed 2 --dataset addnist --generational False --regularised True --elitism 0 --mutation_rate 0.5 --crossover_strategy shortest_edit_path --crossover_rate 1
configs/einspace/base_config.yaml;--seed 2 --dataset addnist --generational False --regularised True --elitism 0 --mutation_rate 0.5 --crossover_strategy constrained_smith_waterman --crossover_rate 1
configs/einspace/base_config.yaml;--seed 2 --dataset addnist --generational False --regularised True --elitism 0 --mutation_rate 1.0 --crossover_strategy None --crossover_rate 0
configs/einspace/base_config.yaml;--seed 2 --dataset addnist --generational False --regularised True --elitism 0 --mutation_rate 1.0 --crossover_strategy one_point --crossover_rate 1
configs/einspace/base_config.yaml;--seed 2 --dataset addnist --generational False --regularised True --elitism 0 --mutation_rate 1.0 --crossover_strategy shortest_edit_path --crossover_rate 1
configs/einspace/base_config.yaml;--seed 2 --dataset addnist --generational False --regularised True --elitism 0 --mutation_rate 1.0 --crossover_strategy constrained_smith_waterman --crossover_rate 1
configs/einspace/base_config.yaml;--seed 2 --dataset addnist --generational True --regularised False --elitism 5 --mutation_rate 0.0 --crossover_strategy None --crossover_rate 0
configs/einspace/base_config.yaml;--seed 2 --dataset addnist --generational True --regularised False --elitism 5 --mutation_rate 0.0 --crossover_strategy one_point --crossover_rate 1
configs/einspace/base_config.yaml;--seed 2 --dataset addnist --generational True --regularised False --elitism 5 --mutation_rate 0.0 --crossover_strategy shortest_edit_path --crossover_rate 1
configs/einspace/base_config.yaml;--seed 2 --dataset addnist --generational True --regularised False --elitism 5 --mutation_rate 0.0 --crossover_strategy constrained_smith_waterman --crossover_rate 1
configs/einspace/base_config.yaml;--seed 2 --dataset addnist --generational True --regularised False --elitism 5 --mutation_rate 0.5 --crossover_strategy None --crossover_rate 0
configs/einspace/base_config.yaml;--seed 2 --dataset addnist --generational True --regularised False --elitism 5 --mutation_rate 0.5 --crossover_strategy one_point --crossover_rate 1
configs/einspace/base_config.yaml;--seed 2 --dataset addnist --generational True --regularised False --elitism 5 --mutation_rate 0.5 --crossover_strategy shortest_edit_path --crossover_rate 1
configs/einspace/base_config.yaml;--seed 2 --dataset addnist --generational True --regularised False --elitism 5 --mutation_rate 0.5 --crossover_strategy constrained_smith_waterman --crossover_rate 1
configs/einspace/base_config.yaml;--seed 2 --dataset addnist --generational True --regularised False --elitism 5 --mutation_rate 1.0 --crossover_strategy None --crossover_rate 0
configs/einspace/base_config.yaml;--seed 2 --dataset addnist --generational True --regularised False --elitism 5 --mutation_rate 1.0 --crossover_strategy one_point --crossover_rate 1
configs/einspace/base_config.yaml;--seed 2 --dataset addnist --generational True --regularised False --elitism 5 --mutation_rate 1.0 --crossover_strategy shortest_edit_path --crossover_rate 1
configs/einspace/base_config.yaml;--seed 2 --dataset addnist --generational True --regularised False --elitism 5 --mutation_rate 1.0 --crossover_strategy constrained_smith_waterman --crossover_rate 1
configs/einspace/base_config.yaml;--seed 2 --dataset language --generational False --regularised True --elitism 0 --mutation_rate 0.0 --crossover_strategy None --crossover_rate 0
configs/einspace/base_config.yaml;--seed 2 --dataset language --generational False --regularised True --elitism 0 --mutation_rate 0.0 --crossover_strategy one_point --crossover_rate 1
configs/einspace/base_config.yaml;--seed 2 --dataset language --generational False --regularised True --elitism 0 --mutation_rate 0.0 --crossover_strategy shortest_edit_path --crossover_rate 1
configs/einspace/base_config.yaml;--seed 2 --dataset language --generational False --regularised True --elitism 0 --mutation_rate 0.0 --crossover_strategy constrained_smith_waterman --crossover_rate 1
configs/einspace/base_config.yaml;--seed 2 --dataset language --generational False --regularised True --elitism 0 --mutation_rate 0.5 --crossover_strategy None --crossover_rate 0
configs/einspace/base_config.yaml;--seed 2 --dataset language --generational False --regularised True --elitism 0 --mutation_rate 0.5 --crossover_strategy one_point --crossover_rate 1
configs/einspace/base_config.yaml;--seed 2 --dataset language --generational False --regularised True --elitism 0 --mutation_rate 0.5 --crossover_strategy shortest_edit_path --crossover_rate 1
configs/einspace/base_config.yaml;--seed 2 --dataset language --generational False --regularised True --elitism 0 --mutation_rate 0.5 --crossover_strategy constrained_smith_waterman --crossover_rate 1
configs/einspace/base_config.yaml;--seed 2 --dataset language --generational False --regularised True --elitism 0 --mutation_rate 1.0 --crossover_strategy None --crossover_rate 0
configs/einspace/base_config.yaml;--seed 2 --dataset language --generational False --regularised True --elitism 0 --mutation_rate 1.0 --crossover_strategy one_point --crossover_rate 1
configs/einspace/base_config.yaml;--seed 2 --dataset language --generational False --regularised True --elitism 0 --mutation_rate 1.0 --crossover_strategy shortest_edit_path --crossover_rate 1
configs/einspace/base_config.yaml;--seed 2 --dataset language --generational False --regularised True --elitism 0 --mutation_rate 1.0 --crossover_strategy constrained_smith_waterman --crossover_rate 1
configs/einspace/base_config.yaml;--seed 2 --dataset language --generational True --regularised False --elitism 5 --mutation_rate 0.0 --crossover_strategy None --crossover_rate 0
configs/einspace/base_config.yaml;--seed 2 --dataset language --generational True --regularised False --elitism 5 --mutation_rate 0.0 --crossover_strategy one_point --crossover_rate 1
configs/einspace/base_config.yaml;--seed 2 --dataset language --generational True --regularised False --elitism 5 --mutation_rate 0.0 --crossover_strategy shortest_edit_path --crossover_rate 1
configs/einspace/base_config.yaml;--seed 2 --dataset language --generational True --regularised False --elitism 5 --mutation_rate 0.0 --crossover_strategy constrained_smith_waterman --crossover_rate 1
configs/einspace/base_config.yaml;--seed 2 --dataset language --generational True --regularised False --elitism 5 --mutation_rate 0.5 --crossover_strategy None --crossover_rate 0
configs/einspace/base_config.yaml;--seed 2 --dataset language --generational True --regularised False --elitism 5 --mutation_rate 0.5 --crossover_strategy one_point --crossover_rate 1
configs/einspace/base_config.yaml;--seed 2 --dataset language --generational True --regularised False --elitism 5 --mutation_rate 0.5 --crossover_strategy shortest_edit_path --crossover_rate 1
configs/einspace/base_config.yaml;--seed 2 --dataset language --generational True --regularised False --elitism 5 --mutation_rate 0.5 --crossover_strategy constrained_smith_waterman --crossover_rate 1
configs/einspace/base_config.yaml;--seed 2 --dataset language --generational True --regularised False --elitism 5 --mutation_rate 1.0 --crossover_strategy None --crossover_rate 0
configs/einspace/base_config.yaml;--seed 2 --dataset language --generational True --regularised False --elitism 5 --mutation_rate 1.0 --crossover_strategy one_point --crossover_rate 1
configs/einspace/base_config.yaml;--seed 2 --dataset language --generational True --regularised False --elitism 5 --mutation_rate 1.0 --crossover_strategy shortest_edit_path --crossover_rate 1
configs/einspace/base_config.yaml;--seed 2 --dataset language --generational True --regularised False --elitism 5 --mutation_rate 1.0 --crossover_strategy constrained_smith_waterman --crossover_rate 1
configs/einspace/base_config.yaml;--seed 2 --dataset multnist --generational False --regularised True --elitism 0 --mutation_rate 0.0 --crossover_strategy None --crossover_rate 0
configs/einspace/base_config.yaml;--seed 2 --dataset multnist --generational False --regularised True --elitism 0 --mutation_rate 0.0 --crossover_strategy one_point --crossover_rate 1
configs/einspace/base_config.yaml;--seed 2 --dataset multnist --generational False --regularised True --elitism 0 --mutation_rate 0.0 --crossover_strategy shortest_edit_path --crossover_rate 1
configs/einspace/base_config.yaml;--seed 2 --dataset multnist --generational False --regularised True --elitism 0 --mutation_rate 0.0 --crossover_strategy constrained_smith_waterman --crossover_rate 1
configs/einspace/base_config.yaml;--seed 2 --dataset multnist --generational False --regularised True --elitism 0 --mutation_rate 0.5 --crossover_strategy None --crossover_rate 0
configs/einspace/base_config.yaml;--seed 2 --dataset multnist --generational False --regularised True --elitism 0 --mutation_rate 0.5 --crossover_strategy one_point --crossover_rate 1
configs/einspace/base_config.yaml;--seed 2 --dataset multnist --generational False --regularised True --elitism 0 --mutation_rate 0.5 --crossover_strategy shortest_edit_path --crossover_rate 1
configs/einspace/base_config.yaml;--seed 2 --dataset multnist --generational False --regularised True --elitism 0 --mutation_rate 0.5 --crossover_strategy constrained_smith_waterman --crossover_rate 1
configs/einspace/base_config.yaml;--seed 2 --dataset multnist --generational False --regularised True --elitism 0 --mutation_rate 1.0 --crossover_strategy None --crossover_rate 0
configs/einspace/base_config.yaml;--seed 2 --dataset multnist --generational False --regularised True --elitism 0 --mutation_rate 1.0 --crossover_strategy one_point --crossover_rate 1
configs/einspace/base_config.yaml;--seed 2 --dataset multnist --generational False --regularised True --elitism 0 --mutation_rate 1.0 --crossover_strategy shortest_edit_path --crossover_rate 1
configs/einspace/base_config.yaml;--seed 2 --dataset multnist --generational False --regularised True --elitism 0 --mutation_rate 1.0 --crossover_strategy constrained_smith_waterman --crossover_rate 1
configs/einspace/base_config.yaml;--seed 2 --dataset multnist --generational True --regularised False --elitism 5 --mutation_rate 0.0 --crossover_strategy None --crossover_rate 0
configs/einspace/base_config.yaml;--seed 2 --dataset multnist --generational True --regularised False --elitism 5 --mutation_rate 0.0 --crossover_strategy one_point --crossover_rate 1
configs/einspace/base_config.yaml;--seed 2 --dataset multnist --generational True --regularised False --elitism 5 --mutation_rate 0.0 --crossover_strategy shortest_edit_path --crossover_rate 1
configs/einspace/base_config.yaml;--seed 2 --dataset multnist --generational True --regularised False --elitism 5 --mutation_rate 0.0 --crossover_strategy constrained_smith_waterman --crossover_rate 1
configs/einspace/base_config.yaml;--seed 2 --dataset multnist --generational True --regularised False --elitism 5 --mutation_rate 0.5 --crossover_strategy None --crossover_rate 0
configs/einspace/base_config.yaml;--seed 2 --dataset multnist --generational True --regularised False --elitism 5 --mutation_rate 0.5 --crossover_strategy one_point --crossover_rate 1
configs/einspace/base_config.yaml;--seed 2 --dataset multnist --generational True --regularised False --elitism 5 --mutation_rate 0.5 --crossover_strategy shortest_edit_path --crossover_rate 1
configs/einspace/base_config.yaml;--seed 2 --dataset multnist --generational True --regularised False --elitism 5 --mutation_rate 0.5 --crossover_strategy constrained_smith_waterman --crossover_rate 1
configs/einspace/base_config.yaml;--seed 2 --dataset multnist --generational True --regularised False --elitism 5 --mutation_rate 1.0 --crossover_strategy None --crossover_rate 0
configs/einspace/base_config.yaml;--seed 2 --dataset multnist --generational True --regularised False --elitism 5 --mutation_rate 1.0 --crossover_strategy one_point --crossover_rate 1
configs/einspace/base_config.yaml;--seed 2 --dataset multnist --generational True --regularised False --elitism 5 --mutation_rate 1.0 --crossover_strategy shortest_edit_path --crossover_rate 1
configs/einspace/base_config.yaml;--seed 2 --dataset multnist --generational True --regularised False --elitism 5 --mutation_rate 1.0 --crossover_strategy constrained_smith_waterman --crossover_rate 1
configs/einspace/base_config.yaml;--seed 2 --dataset cifartile --generational False --regularised True --elitism 0 --mutation_rate 0.0 --crossover_strategy None --crossover_rate 0
configs/einspace/base_config.yaml;--seed 2 --dataset cifartile --generational False --regularised True --elitism 0 --mutation_rate 0.0 --crossover_strategy one_point --crossover_rate 1
configs/einspace/base_config.yaml;--seed 2 --dataset cifartile --generational False --regularised True --elitism 0 --mutation_rate 0.0 --crossover_strategy shortest_edit_path --crossover_rate 1
configs/einspace/base_config.yaml;--seed 2 --dataset cifartile --generational False --regularised True --elitism 0 --mutation_rate 0.0 --crossover_strategy constrained_smith_waterman --crossover_rate 1
configs/einspace/base_config.yaml;--seed 2 --dataset cifartile --generational False --regularised True --elitism 0 --mutation_rate 0.5 --crossover_strategy None --crossover_rate 0
configs/einspace/base_config.yaml;--seed 2 --dataset cifartile --generational False --regularised True --elitism 0 --mutation_rate 0.5 --crossover_strategy one_point --crossover_rate 1
configs/einspace/base_config.yaml;--seed 2 --dataset cifartile --generational False --regularised True --elitism 0 --mutation_rate 0.5 --crossover_strategy shortest_edit_path --crossover_rate 1
configs/einspace/base_config.yaml;--seed 2 --dataset cifartile --generational False --regularised True --elitism 0 --mutation_rate 0.5 --crossover_strategy constrained_smith_waterman --crossover_rate 1
configs/einspace/base_config.yaml;--seed 2 --dataset cifartile --generational False --regularised True --elitism 0 --mutation_rate 1.0 --crossover_strategy None --crossover_rate 0
configs/einspace/base_config.yaml;--seed 2 --dataset cifartile --generational False --regularised True --elitism 0 --mutation_rate 1.0 --crossover_strategy one_point --crossover_rate 1
configs/einspace/base_config.yaml;--seed 2 --dataset cifartile --generational False --regularised True --elitism 0 --mutation_rate 1.0 --crossover_strategy shortest_edit_path --crossover_rate 1
configs/einspace/base_config.yaml;--seed 2 --dataset cifartile --generational False --regularised True --elitism 0 --mutation_rate 1.0 --crossover_strategy constrained_smith_waterman --crossover_rate 1
configs/einspace/base_config.yaml;--seed 2 --dataset cifartile --generational True --regularised False --elitism 5 --mutation_rate 0.0 --crossover_strategy None --crossover_rate 0
configs/einspace/base_config.yaml;--seed 2 --dataset cifartile --generational True --regularised False --elitism 5 --mutation_rate 0.0 --crossover_strategy one_point --crossover_rate 1
configs/einspace/base_config.yaml;--seed 2 --dataset cifartile --generational True --regularised False --elitism 5 --mutation_rate 0.0 --crossover_strategy shortest_edit_path --crossover_rate 1
configs/einspace/base_config.yaml;--seed 2 --dataset cifartile --generational True --regularised False --elitism 5 --mutation_rate 0.0 --crossover_strategy constrained_smith_waterman --crossover_rate 1
configs/einspace/base_config.yaml;--seed 2 --dataset cifartile --generational True --regularised False --elitism 5 --mutation_rate 0.5 --crossover_strategy None --crossover_rate 0
configs/einspace/base_config.yaml;--seed 2 --dataset cifartile --generational True --regularised False --elitism 5 --mutation_rate 0.5 --crossover_strategy one_point --crossover_rate 1
configs/einspace/base_config.yaml;--seed 2 --dataset cifartile --generational True --regularised False --elitism 5 --mutation_rate 0.5 --crossover_strategy shortest_edit_path --crossover_rate 1
configs/einspace/base_config.yaml;--seed 2 --dataset cifartile --generational True --regularised False --elitism 5 --mutation_rate 0.5 --crossover_strategy constrained_smith_waterman --crossover_rate 1
configs/einspace/base_config.yaml;--seed 2 --dataset cifartile --generational True --regularised False --elitism 5 --mutation_rate 1.0 --crossover_strategy None --crossover_rate 0
configs/einspace/base_config.yaml;--seed 2 --dataset cifartile --generational True --regularised False --elitism 5 --mutation_rate 1.0 --crossover_strategy one_point --crossover_rate 1
configs/einspace/base_config.yaml;--seed 2 --dataset cifartile --generational True --regularised False --elitism 5 --mutation_rate 1.0 --crossover_strategy shortest_edit_path --crossover_rate 1
configs/einspace/base_config.yaml;--seed 2 --dataset cifartile --generational True --regularised False --elitism 5 --mutation_rate 1.0 --crossover_strategy constrained_smith_waterman --crossover_rate 1
configs/einspace/base_config.yaml;--seed 2 --dataset gutenberg --generational False --regularised True --elitism 0 --mutation_rate 0.0 --crossover_strategy None --crossover_rate 0
configs/einspace/base_config.yaml;--seed 2 --dataset gutenberg --generational False --regularised True --elitism 0 --mutation_rate 0.0 --crossover_strategy one_point --crossover_rate 1
configs/einspace/base_config.yaml;--seed 2 --dataset gutenberg --generational False --regularised True --elitism 0 --mutation_rate 0.0 --crossover_strategy shortest_edit_path --crossover_rate 1
configs/einspace/base_config.yaml;--seed 2 --dataset gutenberg --generational False --regularised True --elitism 0 --mutation_rate 0.0 --crossover_strategy constrained_smith_waterman --crossover_rate 1
configs/einspace/base_config.yaml;--seed 2 --dataset gutenberg --generational False --regularised True --elitism 0 --mutation_rate 0.5 --crossover_strategy None --crossover_rate 0
configs/einspace/base_config.yaml;--seed 2 --dataset gutenberg --generational False --regularised True --elitism 0 --mutation_rate 0.5 --crossover_strategy one_point --crossover_rate 1
configs/einspace/base_config.yaml;--seed 2 --dataset gutenberg --generational False --regularised True --elitism 0 --mutation_rate 0.5 --crossover_strategy shortest_edit_path --crossover_rate 1
configs/einspace/base_config.yaml;--seed 2 --dataset gutenberg --generational False --regularised True --elitism 0 --mutation_rate 0.5 --crossover_strategy constrained_smith_waterman --crossover_rate 1
configs/einspace/base_config.yaml;--seed 2 --dataset gutenberg --generational False --regularised True --elitism 0 --mutation_rate 1.0 --crossover_strategy None --crossover_rate 0
configs/einspace/base_config.yaml;--seed 2 --dataset gutenberg --generational False --regularised True --elitism 0 --mutation_rate 1.0 --crossover_strategy one_point --crossover_rate 1
configs/einspace/base_config.yaml;--seed 2 --dataset gutenberg --generational False --regularised True --elitism 0 --mutation_rate 1.0 --crossover_strategy shortest_edit_path --crossover_rate 1
configs/einspace/base_config.yaml;--seed 2 --dataset gutenberg --generational False --regularised True --elitism 0 --mutation_rate 1.0 --crossover_strategy constrained_smith_waterman --crossover_rate 1
configs/einspace/base_config.yaml;--seed 2 --dataset gutenberg --generational True --regularised False --elitism 5 --mutation_rate 0.0 --crossover_strategy None --crossover_rate 0
configs/einspace/base_config.yaml;--seed 2 --dataset gutenberg --generational True --regularised False --elitism 5 --mutation_rate 0.0 --crossover_strategy one_point --crossover_rate 1
configs/einspace/base_config.yaml;--seed 2 --dataset gutenberg --generational True --regularised False --elitism 5 --mutation_rate 0.0 --crossover_strategy shortest_edit_path --crossover_rate 1
configs/einspace/base_config.yaml;--seed 2 --dataset gutenberg --generational True --regularised False --elitism 5 --mutation_rate 0.0 --crossover_strategy constrained_smith_waterman --crossover_rate 1
configs/einspace/base_config.yaml;--seed 2 --dataset gutenberg --generational True --regularised False --elitism 5 --mutation_rate 0.5 --crossover_strategy None --crossover_rate 0
configs/einspace/base_config.yaml;--seed 2 --dataset gutenberg --generational True --regularised False --elitism 5 --mutation_rate 0.5 --crossover_strategy one_point --crossover_rate 1
configs/einspace/base_config.yaml;--seed 2 --dataset gutenberg --generational True --regularised False --elitism 5 --mutation_rate 0.5 --crossover_strategy shortest_edit_path --crossover_rate 1
configs/einspace/base_config.yaml;--seed 2 --dataset gutenberg --generational True --regularised False --elitism 5 --mutation_rate 0.5 --crossover_strategy constrained_smith_waterman --crossover_rate 1
configs/einspace/base_config.yaml;--seed 2 --dataset gutenberg --generational True --regularised False --elitism 5 --mutation_rate 1.0 --crossover_strategy None --crossover_rate 0
configs/einspace/base_config.yaml;--seed 2 --dataset gutenberg --generational True --regularised False --elitism 5 --mutation_rate 1.0 --crossover_strategy one_point --crossover_rate 1
configs/einspace/base_config.yaml;--seed 2 --dataset gutenberg --generational True --regularised False --elitism 5 --mutation_rate 1.0 --crossover_strategy shortest_edit_path --crossover_rate 1
configs/einspace/base_config.yaml;--seed 2 --dataset gutenberg --generational True --regularised False --elitism 5 --mutation_rate 1.0 --crossover_strategy constrained_smith_waterman --crossover_rate 1
configs/einspace/base_config.yaml;--seed 2 --dataset isabella --generational False --regularised True --elitism 0 --mutation_rate 0.0 --crossover_strategy None --crossover_rate 0
configs/einspace/base_config.yaml;--seed 2 --dataset isabella --generational False --regularised True --elitism 0 --mutation_rate 0.0 --crossover_strategy one_point --crossover_rate 1
configs/einspace/base_config.yaml;--seed 2 --dataset isabella --generational False --regularised True --elitism 0 --mutation_rate 0.0 --crossover_strategy shortest_edit_path --crossover_rate 1
configs/einspace/base_config.yaml;--seed 2 --dataset isabella --generational False --regularised True --elitism 0 --mutation_rate 0.0 --crossover_strategy constrained_smith_waterman --crossover_rate 1
configs/einspace/base_config.yaml;--seed 2 --dataset isabella --generational False --regularised True --elitism 0 --mutation_rate 0.5 --crossover_strategy None --crossover_rate 0
configs/einspace/base_config.yaml;--seed 2 --dataset isabella --generational False --regularised True --elitism 0 --mutation_rate 0.5 --crossover_strategy one_point --crossover_rate 1
configs/einspace/base_config.yaml;--seed 2 --dataset isabella --generational False --regularised True --elitism 0 --mutation_rate 0.5 --crossover_strategy shortest_edit_path --crossover_rate 1
configs/einspace/base_config.yaml;--seed 2 --dataset isabella --generational False --regularised True --elitism 0 --mutation_rate 0.5 --crossover_strategy constrained_smith_waterman --crossover_rate 1
configs/einspace/base_config.yaml;--seed 2 --dataset isabella --generational False --regularised True --elitism 0 --mutation_rate 1.0 --crossover_strategy None --crossover_rate 0
configs/einspace/base_config.yaml;--seed 2 --dataset isabella --generational False --regularised True --elitism 0 --mutation_rate 1.0 --crossover_strategy one_point --crossover_rate 1
configs/einspace/base_config.yaml;--seed 2 --dataset isabella --generational False --regularised True --elitism 0 --mutation_rate 1.0 --crossover_strategy shortest_edit_path --crossover_rate 1
configs/einspace/base_config.yaml;--seed 2 --dataset isabella --generational False --regularised True --elitism 0 --mutation_rate 1.0 --crossover_strategy constrained_smith_waterman --crossover_rate 1
configs/einspace/base_config.yaml;--seed 2 --dataset isabella --generational True --regularised False --elitism 5 --mutation_rate 0.0 --crossover_strategy None --crossover_rate 0
configs/einspace/base_config.yaml;--seed 2 --dataset isabella --generational True --regularised False --elitism 5 --mutation_rate 0.0 --crossover_strategy one_point --crossover_rate 1
configs/einspace/base_config.yaml;--seed 2 --dataset isabella --generational True --regularised False --elitism 5 --mutation_rate 0.0 --crossover_strategy shortest_edit_path --crossover_rate 1
configs/einspace/base_config.yaml;--seed 2 --dataset isabella --generational True --regularised False --elitism 5 --mutation_rate 0.0 --crossover_strategy constrained_smith_waterman --crossover_rate 1
configs/einspace/base_config.yaml;--seed 2 --dataset isabella --generational True --regularised False --elitism 5 --mutation_rate 0.5 --crossover_strategy None --crossover_rate 0
configs/einspace/base_config.yaml;--seed 2 --dataset isabella --generational True --regularised False --elitism 5 --mutation_rate 0.5 --crossover_strategy one_point --crossover_rate 1
configs/einspace/base_config.yaml;--seed 2 --dataset isabella --generational True --regularised False --elitism 5 --mutation_rate 0.5 --crossover_strategy shortest_edit_path --crossover_rate 1
configs/einspace/base_config.yaml;--seed 2 --dataset isabella --generational True --regularised False --elitism 5 --mutation_rate 0.5 --crossover_strategy constrained_smith_waterman --crossover_rate 1
configs/einspace/base_config.yaml;--seed 2 --dataset isabella --generational True --regularised False --elitism 5 --mutation_rate 1.0 --crossover_strategy None --crossover_rate 0
configs/einspace/base_config.yaml;--seed 2 --dataset isabella --generational True --regularised False --elitism 5 --mutation_rate 1.0 --crossover_strategy one_point --crossover_rate 1
configs/einspace/base_config.yaml;--seed 2 --dataset isabella --generational True --regularised False --elitism 5 --mutation_rate 1.0 --crossover_strategy shortest_edit_path --crossover_rate 1
configs/einspace/base_config.yaml;--seed 2 --dataset isabella --generational True --regularised False --elitism 5 --mutation_rate 1.0 --crossover_strategy constrained_smith_waterman --crossover_rate 1
configs/einspace/base_config.yaml;--seed 2 --dataset geoclassing --generational False --regularised True --elitism 0 --mutation_rate 0.0 --crossover_strategy None --crossover_rate 0
configs/einspace/base_config.yaml;--seed 2 --dataset geoclassing --generational False --regularised True --elitism 0 --mutation_rate 0.0 --crossover_strategy one_point --crossover_rate 1
configs/einspace/base_config.yaml;--seed 2 --dataset geoclassing --generational False --regularised True --elitism 0 --mutation_rate 0.0 --crossover_strategy shortest_edit_path --crossover_rate 1
configs/einspace/base_config.yaml;--seed 2 --dataset geoclassing --generational False --regularised True --elitism 0 --mutation_rate 0.0 --crossover_strategy constrained_smith_waterman --crossover_rate 1
configs/einspace/base_config.yaml;--seed 2 --dataset geoclassing --generational False --regularised True --elitism 0 --mutation_rate 0.5 --crossover_strategy None --crossover_rate 0
configs/einspace/base_config.yaml;--seed 2 --dataset geoclassing --generational False --regularised True --elitism 0 --mutation_rate 0.5 --crossover_strategy one_point --crossover_rate 1
configs/einspace/base_config.yaml;--seed 2 --dataset geoclassing --generational False --regularised True --elitism 0 --mutation_rate 0.5 --crossover_strategy shortest_edit_path --crossover_rate 1
configs/einspace/base_config.yaml;--seed 2 --dataset geoclassing --generational False --regularised True --elitism 0 --mutation_rate 0.5 --crossover_strategy constrained_smith_waterman --crossover_rate 1
configs/einspace/base_config.yaml;--seed 2 --dataset geoclassing --generational False --regularised True --elitism 0 --mutation_rate 1.0 --crossover_strategy None --crossover_rate 0
configs/einspace/base_config.yaml;--seed 2 --dataset geoclassing --generational False --regularised True --elitism 0 --mutation_rate 1.0 --crossover_strategy one_point --crossover_rate 1
configs/einspace/base_config.yaml;--seed 2 --dataset geoclassing --generational False --regularised True --elitism 0 --mutation_rate 1.0 --crossover_strategy shortest_edit_path --crossover_rate 1
configs/einspace/base_config.yaml;--seed 2 --dataset geoclassing --generational False --regularised True --elitism 0 --mutation_rate 1.0 --crossover_strategy constrained_smith_waterman --crossover_rate 1
configs/einspace/base_config.yaml;--seed 2 --dataset geoclassing --generational True --regularised False --elitism 5 --mutation_rate 0.0 --crossover_strategy None --crossover_rate 0
configs/einspace/base_config.yaml;--seed 2 --dataset geoclassing --generational True --regularised False --elitism 5 --mutation_rate 0.0 --crossover_strategy one_point --crossover_rate 1
configs/einspace/base_config.yaml;--seed 2 --dataset geoclassing --generational True --regularised False --elitism 5 --mutation_rate 0.0 --crossover_strategy shortest_edit_path --crossover_rate 1
configs/einspace/base_config.yaml;--seed 2 --dataset geoclassing --generational True --regularised False --elitism 5 --mutation_rate 0.0 --crossover_strategy constrained_smith_waterman --crossover_rate 1
configs/einspace/base_config.yaml;--seed 2 --dataset geoclassing --generational True --regularised False --elitism 5 --mutation_rate 0.5 --crossover_strategy None --crossover_rate 0
configs/einspace/base_config.yaml;--seed 2 --dataset geoclassing --generational True --regularised False --elitism 5 --mutation_rate 0.5 --crossover_strategy one_point --crossover_rate 1
configs/einspace/base_config.yaml;--seed 2 --dataset geoclassing --generational True --regularised False --elitism 5 --mutation_rate 0.5 --crossover_strategy shortest_edit_path --crossover_rate 1
configs/einspace/base_config.yaml;--seed 2 --dataset geoclassing --generational True --regularised False --elitism 5 --mutation_rate 0.5 --crossover_strategy constrained_smith_waterman --crossover_rate 1
configs/einspace/base_config.yaml;--seed 2 --dataset geoclassing --generational True --regularised False --elitism 5 --mutation_rate 1.0 --crossover_strategy None --crossover_rate 0
configs/einspace/base_config.yaml;--seed 2 --dataset geoclassing --generational True --regularised False --elitism 5 --mutation_rate 1.0 --crossover_strategy one_point --crossover_rate 1
configs/einspace/base_config.yaml;--seed 2 --dataset geoclassing --generational True --regularised False --elitism 5 --mutation_rate 1.0 --crossover_strategy shortest_edit_path --crossover_rate 1
configs/einspace/base_config.yaml;--seed 2 --dataset geoclassing --generational True --regularised False --elitism 5 --mutation_rate 1.0 --crossover_strategy constrained_smith_waterman --crossover_rate 1
configs/einspace/base_config.yaml;--seed 2 --dataset chesseract --generational False --regularised True --elitism 0 --mutation_rate 0.0 --crossover_strategy None --crossover_rate 0
configs/einspace/base_config.yaml;--seed 2 --dataset chesseract --generational False --regularised True --elitism 0 --mutation_rate 0.0 --crossover_strategy one_point --crossover_rate 1
configs/einspace/base_config.yaml;--seed 2 --dataset chesseract --generational False --regularised True --elitism 0 --mutation_rate 0.0 --crossover_strategy shortest_edit_path --crossover_rate 1
configs/einspace/base_config.yaml;--seed 2 --dataset chesseract --generational False --regularised True --elitism 0 --mutation_rate 0.0 --crossover_strategy constrained_smith_waterman --crossover_rate 1
configs/einspace/base_config.yaml;--seed 2 --dataset chesseract --generational False --regularised True --elitism 0 --mutation_rate 0.5 --crossover_strategy None --crossover_rate 0
configs/einspace/base_config.yaml;--seed 2 --dataset chesseract --generational False --regularised True --elitism 0 --mutation_rate 0.5 --crossover_strategy one_point --crossover_rate 1
configs/einspace/base_config.yaml;--seed 2 --dataset chesseract --generational False --regularised True --elitism 0 --mutation_rate 0.5 --crossover_strategy shortest_edit_path --crossover_rate 1
configs/einspace/base_config.yaml;--seed 2 --dataset chesseract --generational False --regularised True --elitism 0 --mutation_rate 0.5 --crossover_strategy constrained_smith_waterman --crossover_rate 1
configs/einspace/base_config.yaml;--seed 2 --dataset chesseract --generational False --regularised True --elitism 0 --mutation_rate 1.0 --crossover_strategy None --crossover_rate 0
configs/einspace/base_config.yaml;--seed 2 --dataset chesseract --generational False --regularised True --elitism 0 --mutation_rate 1.0 --crossover_strategy one_point --crossover_rate 1
configs/einspace/base_config.yaml;--seed 2 --dataset chesseract --generational False --regularised True --elitism 0 --mutation_rate 1.0 --crossover_strategy shortest_edit_path --crossover_rate 1
configs/einspace/base_config.yaml;--seed 2 --dataset chesseract --generational False --regularised True --elitism 0 --mutation_rate 1.0 --crossover_strategy constrained_smith_waterman --crossover_rate 1
configs/einspace/base_config.yaml;--seed 2 --dataset chesseract --generational True --regularised False --elitism 5 --mutation_rate 0.0 --crossover_strategy None --crossover_rate 0
configs/einspace/base_config.yaml;--seed 2 --dataset chesseract --generational True --regularised False --elitism 5 --mutation_rate 0.0 --crossover_strategy one_point --crossover_rate 1
configs/einspace/base_config.yaml;--seed 2 --dataset chesseract --generational True --regularised False --elitism 5 --mutation_rate 0.0 --crossover_strategy shortest_edit_path --crossover_rate 1
configs/einspace/base_config.yaml;--seed 2 --dataset chesseract --generational True --regularised False --elitism 5 --mutation_rate 0.0 --crossover_strategy constrained_smith_waterman --crossover_rate 1
configs/einspace/base_config.yaml;--seed 2 --dataset chesseract --generational True --regularised False --elitism 5 --mutation_rate 0.5 --crossover_strategy None --crossover_rate 0
configs/einspace/base_config.yaml;--seed 2 --dataset chesseract --generational True --regularised False --elitism 5 --mutation_rate 0.5 --crossover_strategy one_point --crossover_rate 1
configs/einspace/base_config.yaml;--seed 2 --dataset chesseract --generational True --regularised False --elitism 5 --mutation_rate 0.5 --crossover_strategy shortest_edit_path --crossover_rate 1
configs/einspace/base_config.yaml;--seed 2 --dataset chesseract --generational True --regularised False --elitism 5 --mutation_rate 0.5 --crossover_strategy constrained_smith_waterman --crossover_rate 1
configs/einspace/base_config.yaml;--seed 2 --dataset chesseract --generational True --regularised False --elitism 5 --mutation_rate 1.0 --crossover_strategy None --crossover_rate 0
configs/einspace/base_config.yaml;--seed 2 --dataset chesseract --generational True --regularised False --elitism 5 --mutation_rate 1.0 --crossover_strategy one_point --crossover_rate 1
configs/einspace/base_config.yaml;--seed 2 --dataset chesseract --generational True --regularised False --elitism 5 --mutation_rate 1.0 --crossover_strategy shortest_edit_path --crossover_rate 1
configs/einspace/base_config.yaml;--seed 2 --dataset chesseract --generational True --regularised False --elitism 5 --mutation_rate 1.0 --crossover_strategy constrained_smith_waterman --crossover_rate 1
configs/einspace/base_config.yaml;--seed 3 --dataset cifar10 --generational False --regularised True --elitism 0 --mutation_rate 0.0 --crossover_strategy None --crossover_rate 0
configs/einspace/base_config.yaml;--seed 3 --dataset cifar10 --generational False --regularised True --elitism 0 --mutation_rate 0.0 --crossover_strategy one_point --crossover_rate 1
configs/einspace/base_config.yaml;--seed 3 --dataset cifar10 --generational False --regularised True --elitism 0 --mutation_rate 0.0 --crossover_strategy shortest_edit_path --crossover_rate 1
configs/einspace/base_config.yaml;--seed 3 --dataset cifar10 --generational False --regularised True --elitism 0 --mutation_rate 0.0 --crossover_strategy constrained_smith_waterman --crossover_rate 1
configs/einspace/base_config.yaml;--seed 3 --dataset cifar10 --generational False --regularised True --elitism 0 --mutation_rate 0.5 --crossover_strategy None --crossover_rate 0
configs/einspace/base_config.yaml;--seed 3 --dataset cifar10 --generational False --regularised True --elitism 0 --mutation_rate 0.5 --crossover_strategy one_point --crossover_rate 1
configs/einspace/base_config.yaml;--seed 3 --dataset cifar10 --generational False --regularised True --elitism 0 --mutation_rate 0.5 --crossover_strategy shortest_edit_path --crossover_rate 1
configs/einspace/base_config.yaml;--seed 3 --dataset cifar10 --generational False --regularised True --elitism 0 --mutation_rate 0.5 --crossover_strategy constrained_smith_waterman --crossover_rate 1
configs/einspace/base_config.yaml;--seed 3 --dataset cifar10 --generational False --regularised True --elitism 0 --mutation_rate 1.0 --crossover_strategy None --crossover_rate 0
configs/einspace/base_config.yaml;--seed 3 --dataset cifar10 --generational False --regularised True --elitism 0 --mutation_rate 1.0 --crossover_strategy one_point --crossover_rate 1
configs/einspace/base_config.yaml;--seed 3 --dataset cifar10 --generational False --regularised True --elitism 0 --mutation_rate 1.0 --crossover_strategy shortest_edit_path --crossover_rate 1
configs/einspace/base_config.yaml;--seed 3 --dataset cifar10 --generational False --regularised True --elitism 0 --mutation_rate 1.0 --crossover_strategy constrained_smith_waterman --crossover_rate 1
configs/einspace/base_config.yaml;--seed 3 --dataset cifar10 --generational True --regularised False --elitism 5 --mutation_rate 0.0 --crossover_strategy None --crossover_rate 0
configs/einspace/base_config.yaml;--seed 3 --dataset cifar10 --generational True --regularised False --elitism 5 --mutation_rate 0.0 --crossover_strategy one_point --crossover_rate 1
configs/einspace/base_config.yaml;--seed 3 --dataset cifar10 --generational True --regularised False --elitism 5 --mutation_rate 0.0 --crossover_strategy shortest_edit_path --crossover_rate 1
configs/einspace/base_config.yaml;--seed 3 --dataset cifar10 --generational True --regularised False --elitism 5 --mutation_rate 0.0 --crossover_strategy constrained_smith_waterman --crossover_rate 1
configs/einspace/base_config.yaml;--seed 3 --dataset cifar10 --generational True --regularised False --elitism 5 --mutation_rate 0.5 --crossover_strategy None --crossover_rate 0
configs/einspace/base_config.yaml;--seed 3 --dataset cifar10 --generational True --regularised False --elitism 5 --mutation_rate 0.5 --crossover_strategy one_point --crossover_rate 1
configs/einspace/base_config.yaml;--seed 3 --dataset cifar10 --generational True --regularised False --elitism 5 --mutation_rate 0.5 --crossover_strategy shortest_edit_path --crossover_rate 1
configs/einspace/base_config.yaml;--seed 3 --dataset cifar10 --generational True --regularised False --elitism 5 --mutation_rate 0.5 --crossover_strategy constrained_smith_waterman --crossover_rate 1
configs/einspace/base_config.yaml;--seed 3 --dataset cifar10 --generational True --regularised False --elitism 5 --mutation_rate 1.0 --crossover_strategy None --crossover_rate 0
configs/einspace/base_config.yaml;--seed 3 --dataset cifar10 --generational True --regularised False --elitism 5 --mutation_rate 1.0 --crossover_strategy one_point --crossover_rate 1
configs/einspace/base_config.yaml;--seed 3 --dataset cifar10 --generational True --regularised False --elitism 5 --mutation_rate 1.0 --crossover_strategy shortest_edit_path --crossover_rate 1
configs/einspace/base_config.yaml;--seed 3 --dataset cifar10 --generational True --regularised False --elitism 5 --mutation_rate 1.0 --crossover_strategy constrained_smith_waterman --crossover_rate 1
configs/einspace/base_config.yaml;--seed 3 --dataset cifar100 --generational False --regularised True --elitism 0 --mutation_rate 0.0 --crossover_strategy None --crossover_rate 0
configs/einspace/base_config.yaml;--seed 3 --dataset cifar100 --generational False --regularised True --elitism 0 --mutation_rate 0.0 --crossover_strategy one_point --crossover_rate 1
configs/einspace/base_config.yaml;--seed 3 --dataset cifar100 --generational False --regularised True --elitism 0 --mutation_rate 0.0 --crossover_strategy shortest_edit_path --crossover_rate 1
configs/einspace/base_config.yaml;--seed 3 --dataset cifar100 --generational False --regularised True --elitism 0 --mutation_rate 0.0 --crossover_strategy constrained_smith_waterman --crossover_rate 1
configs/einspace/base_config.yaml;--seed 3 --dataset cifar100 --generational False --regularised True --elitism 0 --mutation_rate 0.5 --crossover_strategy None --crossover_rate 0
configs/einspace/base_config.yaml;--seed 3 --dataset cifar100 --generational False --regularised True --elitism 0 --mutation_rate 0.5 --crossover_strategy one_point --crossover_rate 1
configs/einspace/base_config.yaml;--seed 3 --dataset cifar100 --generational False --regularised True --elitism 0 --mutation_rate 0.5 --crossover_strategy shortest_edit_path --crossover_rate 1
configs/einspace/base_config.yaml;--seed 3 --dataset cifar100 --generational False --regularised True --elitism 0 --mutation_rate 0.5 --crossover_strategy constrained_smith_waterman --crossover_rate 1
configs/einspace/base_config.yaml;--seed 3 --dataset cifar100 --generational False --regularised True --elitism 0 --mutation_rate 1.0 --crossover_strategy None --crossover_rate 0
configs/einspace/base_config.yaml;--seed 3 --dataset cifar100 --generational False --regularised True --elitism 0 --mutation_rate 1.0 --crossover_strategy one_point --crossover_rate 1
configs/einspace/base_config.yaml;--seed 3 --dataset cifar100 --generational False --regularised True --elitism 0 --mutation_rate 1.0 --crossover_strategy shortest_edit_path --crossover_rate 1
configs/einspace/base_config.yaml;--seed 3 --dataset cifar100 --generational False --regularised True --elitism 0 --mutation_rate 1.0 --crossover_strategy constrained_smith_waterman --crossover_rate 1
configs/einspace/base_config.yaml;--seed 3 --dataset cifar100 --generational True --regularised False --elitism 5 --mutation_rate 0.0 --crossover_strategy None --crossover_rate 0
configs/einspace/base_config.yaml;--seed 3 --dataset cifar100 --generational True --regularised False --elitism 5 --mutation_rate 0.0 --crossover_strategy one_point --crossover_rate 1
configs/einspace/base_config.yaml;--seed 3 --dataset cifar100 --generational True --regularised False --elitism 5 --mutation_rate 0.0 --crossover_strategy shortest_edit_path --crossover_rate 1
configs/einspace/base_config.yaml;--seed 3 --dataset cifar100 --generational True --regularised False --elitism 5 --mutation_rate 0.0 --crossover_strategy constrained_smith_waterman --crossover_rate 1
configs/einspace/base_config.yaml;--seed 3 --dataset cifar100 --generational True --regularised False --elitism 5 --mutation_rate 0.5 --crossover_strategy None --crossover_rate 0
configs/einspace/base_config.yaml;--seed 3 --dataset cifar100 --generational True --regularised False --elitism 5 --mutation_rate 0.5 --crossover_strategy one_point --crossover_rate 1
configs/einspace/base_config.yaml;--seed 3 --dataset cifar100 --generational True --regularised False --elitism 5 --mutation_rate 0.5 --crossover_strategy shortest_edit_path --crossover_rate 1
configs/einspace/base_config.yaml;--seed 3 --dataset cifar100 --generational True --regularised False --elitism 5 --mutation_rate 0.5 --crossover_strategy constrained_smith_waterman --crossover_rate 1
configs/einspace/base_config.yaml;--seed 3 --dataset cifar100 --generational True --regularised False --elitism 5 --mutation_rate 1.0 --crossover_strategy None --crossover_rate 0
configs/einspace/base_config.yaml;--seed 3 --dataset cifar100 --generational True --regularised False --elitism 5 --mutation_rate 1.0 --crossover_strategy one_point --crossover_rate 1
configs/einspace/base_config.yaml;--seed 3 --dataset cifar100 --generational True --regularised False --elitism 5 --mutation_rate 1.0 --crossover_strategy shortest_edit_path --crossover_rate 1
configs/einspace/base_config.yaml;--seed 3 --dataset cifar100 --generational True --regularised False --elitism 5 --mutation_rate 1.0 --crossover_strategy constrained_smith_waterman --crossover_rate 1
configs/einspace/base_config.yaml;--seed 3 --dataset addnist --generational False --regularised True --elitism 0 --mutation_rate 0.0 --crossover_strategy None --crossover_rate 0
configs/einspace/base_config.yaml;--seed 3 --dataset addnist --generational False --regularised True --elitism 0 --mutation_rate 0.0 --crossover_strategy one_point --crossover_rate 1
configs/einspace/base_config.yaml;--seed 3 --dataset addnist --generational False --regularised True --elitism 0 --mutation_rate 0.0 --crossover_strategy shortest_edit_path --crossover_rate 1
configs/einspace/base_config.yaml;--seed 3 --dataset addnist --generational False --regularised True --elitism 0 --mutation_rate 0.0 --crossover_strategy constrained_smith_waterman --crossover_rate 1
configs/einspace/base_config.yaml;--seed 3 --dataset addnist --generational False --regularised True --elitism 0 --mutation_rate 0.5 --crossover_strategy None --crossover_rate 0
configs/einspace/base_config.yaml;--seed 3 --dataset addnist --generational False --regularised True --elitism 0 --mutation_rate 0.5 --crossover_strategy one_point --crossover_rate 1
configs/einspace/base_config.yaml;--seed 3 --dataset addnist --generational False --regularised True --elitism 0 --mutation_rate 0.5 --crossover_strategy shortest_edit_path --crossover_rate 1
configs/einspace/base_config.yaml;--seed 3 --dataset addnist --generational False --regularised True --elitism 0 --mutation_rate 0.5 --crossover_strategy constrained_smith_waterman --crossover_rate 1
configs/einspace/base_config.yaml;--seed 3 --dataset addnist --generational False --regularised True --elitism 0 --mutation_rate 1.0 --crossover_strategy None --crossover_rate 0
configs/einspace/base_config.yaml;--seed 3 --dataset addnist --generational False --regularised True --elitism 0 --mutation_rate 1.0 --crossover_strategy one_point --crossover_rate 1
configs/einspace/base_config.yaml;--seed 3 --dataset addnist --generational False --regularised True --elitism 0 --mutation_rate 1.0 --crossover_strategy shortest_edit_path --crossover_rate 1
configs/einspace/base_config.yaml;--seed 3 --dataset addnist --generational False --regularised True --elitism 0 --mutation_rate 1.0 --crossover_strategy constrained_smith_waterman --crossover_rate 1
configs/einspace/base_config.yaml;--seed 3 --dataset addnist --generational True --regularised False --elitism 5 --mutation_rate 0.0 --crossover_strategy None --crossover_rate 0
configs/einspace/base_config.yaml;--seed 3 --dataset addnist --generational True --regularised False --elitism 5 --mutation_rate 0.0 --crossover_strategy one_point --crossover_rate 1
configs/einspace/base_config.yaml;--seed 3 --dataset addnist --generational True --regularised False --elitism 5 --mutation_rate 0.0 --crossover_strategy shortest_edit_path --crossover_rate 1
configs/einspace/base_config.yaml;--seed 3 --dataset addnist --generational True --regularised False --elitism 5 --mutation_rate 0.0 --crossover_strategy constrained_smith_waterman --crossover_rate 1
configs/einspace/base_config.yaml;--seed 3 --dataset addnist --generational True --regularised False --elitism 5 --mutation_rate 0.5 --crossover_strategy None --crossover_rate 0
configs/einspace/base_config.yaml;--seed 3 --dataset addnist --generational True --regularised False --elitism 5 --mutation_rate 0.5 --crossover_strategy one_point --crossover_rate 1
configs/einspace/base_config.yaml;--seed 3 --dataset addnist --generational True --regularised False --elitism 5 --mutation_rate 0.5 --crossover_strategy shortest_edit_path --crossover_rate 1
configs/einspace/base_config.yaml;--seed 3 --dataset addnist --generational True --regularised False --elitism 5 --mutation_rate 0.5 --crossover_strategy constrained_smith_waterman --crossover_rate 1
configs/einspace/base_config.yaml;--seed 3 --dataset addnist --generational True --regularised False --elitism 5 --mutation_rate 1.0 --crossover_strategy None --crossover_rate 0
configs/einspace/base_config.yaml;--seed 3 --dataset addnist --generational True --regularised False --elitism 5 --mutation_rate 1.0 --crossover_strategy one_point --crossover_rate 1
configs/einspace/base_config.yaml;--seed 3 --dataset addnist --generational True --regularised False --elitism 5 --mutation_rate 1.0 --crossover_strategy shortest_edit_path --crossover_rate 1
configs/einspace/base_config.yaml;--seed 3 --dataset addnist --generational True --regularised False --elitism 5 --mutation_rate 1.0 --crossover_strategy constrained_smith_waterman --crossover_rate 1
configs/einspace/base_config.yaml;--seed 3 --dataset language --generational False --regularised True --elitism 0 --mutation_rate 0.0 --crossover_strategy None --crossover_rate 0
configs/einspace/base_config.yaml;--seed 3 --dataset language --generational False --regularised True --elitism 0 --mutation_rate 0.0 --crossover_strategy one_point --crossover_rate 1
configs/einspace/base_config.yaml;--seed 3 --dataset language --generational False --regularised True --elitism 0 --mutation_rate 0.0 --crossover_strategy shortest_edit_path --crossover_rate 1
configs/einspace/base_config.yaml;--seed 3 --dataset language --generational False --regularised True --elitism 0 --mutation_rate 0.0 --crossover_strategy constrained_smith_waterman --crossover_rate 1
configs/einspace/base_config.yaml;--seed 3 --dataset language --generational False --regularised True --elitism 0 --mutation_rate 0.5 --crossover_strategy None --crossover_rate 0
configs/einspace/base_config.yaml;--seed 3 --dataset language --generational False --regularised True --elitism 0 --mutation_rate 0.5 --crossover_strategy one_point --crossover_rate 1
configs/einspace/base_config.yaml;--seed 3 --dataset language --generational False --regularised True --elitism 0 --mutation_rate 0.5 --crossover_strategy shortest_edit_path --crossover_rate 1
configs/einspace/base_config.yaml;--seed 3 --dataset language --generational False --regularised True --elitism 0 --mutation_rate 0.5 --crossover_strategy constrained_smith_waterman --crossover_rate 1
configs/einspace/base_config.yaml;--seed 3 --dataset language --generational False --regularised True --elitism 0 --mutation_rate 1.0 --crossover_strategy None --crossover_rate 0
configs/einspace/base_config.yaml;--seed 3 --dataset language --generational False --regularised True --elitism 0 --mutation_rate 1.0 --crossover_strategy one_point --crossover_rate 1
configs/einspace/base_config.yaml;--seed 3 --dataset language --generational False --regularised True --elitism 0 --mutation_rate 1.0 --crossover_strategy shortest_edit_path --crossover_rate 1
configs/einspace/base_config.yaml;--seed 3 --dataset language --generational False --regularised True --elitism 0 --mutation_rate 1.0 --crossover_strategy constrained_smith_waterman --crossover_rate 1
configs/einspace/base_config.yaml;--seed 3 --dataset language --generational True --regularised False --elitism 5 --mutation_rate 0.0 --crossover_strategy None --crossover_rate 0
configs/einspace/base_config.yaml;--seed 3 --dataset language --generational True --regularised False --elitism 5 --mutation_rate 0.0 --crossover_strategy one_point --crossover_rate 1
configs/einspace/base_config.yaml;--seed 3 --dataset language --generational True --regularised False --elitism 5 --mutation_rate 0.0 --crossover_strategy shortest_edit_path --crossover_rate 1
configs/einspace/base_config.yaml;--seed 3 --dataset language --generational True --regularised False --elitism 5 --mutation_rate 0.0 --crossover_strategy constrained_smith_waterman --crossover_rate 1
configs/einspace/base_config.yaml;--seed 3 --dataset language --generational True --regularised False --elitism 5 --mutation_rate 0.5 --crossover_strategy None --crossover_rate 0
configs/einspace/base_config.yaml;--seed 3 --dataset language --generational True --regularised False --elitism 5 --mutation_rate 0.5 --crossover_strategy one_point --crossover_rate 1
configs/einspace/base_config.yaml;--seed 3 --dataset language --generational True --regularised False --elitism 5 --mutation_rate 0.5 --crossover_strategy shortest_edit_path --crossover_rate 1
configs/einspace/base_config.yaml;--seed 3 --dataset language --generational True --regularised False --elitism 5 --mutation_rate 0.5 --crossover_strategy constrained_smith_waterman --crossover_rate 1
configs/einspace/base_config.yaml;--seed 3 --dataset language --generational True --regularised False --elitism 5 --mutation_rate 1.0 --crossover_strategy None --crossover_rate 0
configs/einspace/base_config.yaml;--seed 3 --dataset language --generational True --regularised False --elitism 5 --mutation_rate 1.0 --crossover_strategy one_point --crossover_rate 1
configs/einspace/base_config.yaml;--seed 3 --dataset language --generational True --regularised False --elitism 5 --mutation_rate 1.0 --crossover_strategy shortest_edit_path --crossover_rate 1
configs/einspace/base_config.yaml;--seed 3 --dataset language --generational True --regularised False --elitism 5 --mutation_rate 1.0 --crossover_strategy constrained_smith_waterman --crossover_rate 1
configs/einspace/base_config.yaml;--seed 3 --dataset multnist --generational False --regularised True --elitism 0 --mutation_rate 0.0 --crossover_strategy None --crossover_rate 0
configs/einspace/base_config.yaml;--seed 3 --dataset multnist --generational False --regularised True --elitism 0 --mutation_rate 0.0 --crossover_strategy one_point --crossover_rate 1
configs/einspace/base_config.yaml;--seed 3 --dataset multnist --generational False --regularised True --elitism 0 --mutation_rate 0.0 --crossover_strategy shortest_edit_path --crossover_rate 1
configs/einspace/base_config.yaml;--seed 3 --dataset multnist --generational False --regularised True --elitism 0 --mutation_rate 0.0 --crossover_strategy constrained_smith_waterman --crossover_rate 1
configs/einspace/base_config.yaml;--seed 3 --dataset multnist --generational False --regularised True --elitism 0 --mutation_rate 0.5 --crossover_strategy None --crossover_rate 0
configs/einspace/base_config.yaml;--seed 3 --dataset multnist --generational False --regularised True --elitism 0 --mutation_rate 0.5 --crossover_strategy one_point --crossover_rate 1
configs/einspace/base_config.yaml;--seed 3 --dataset multnist --generational False --regularised True --elitism 0 --mutation_rate 0.5 --crossover_strategy shortest_edit_path --crossover_rate 1
configs/einspace/base_config.yaml;--seed 3 --dataset multnist --generational False --regularised True --elitism 0 --mutation_rate 0.5 --crossover_strategy constrained_smith_waterman --crossover_rate 1
configs/einspace/base_config.yaml;--seed 3 --dataset multnist --generational False --regularised True --elitism 0 --mutation_rate 1.0 --crossover_strategy None --crossover_rate 0
configs/einspace/base_config.yaml;--seed 3 --dataset multnist --generational False --regularised True --elitism 0 --mutation_rate 1.0 --crossover_strategy one_point --crossover_rate 1
configs/einspace/base_config.yaml;--seed 3 --dataset multnist --generational False --regularised True --elitism 0 --mutation_rate 1.0 --crossover_strategy shortest_edit_path --crossover_rate 1
configs/einspace/base_config.yaml;--seed 3 --dataset multnist --generational False --regularised True --elitism 0 --mutation_rate 1.0 --crossover_strategy constrained_smith_waterman --crossover_rate 1
configs/einspace/base_config.yaml;--seed 3 --dataset multnist --generational True --regularised False --elitism 5 --mutation_rate 0.0 --crossover_strategy None --crossover_rate 0
configs/einspace/base_config.yaml;--seed 3 --dataset multnist --generational True --regularised False --elitism 5 --mutation_rate 0.0 --crossover_strategy one_point --crossover_rate 1
configs/einspace/base_config.yaml;--seed 3 --dataset multnist --generational True --regularised False --elitism 5 --mutation_rate 0.0 --crossover_strategy shortest_edit_path --crossover_rate 1
configs/einspace/base_config.yaml;--seed 3 --dataset multnist --generational True --regularised False --elitism 5 --mutation_rate 0.0 --crossover_strategy constrained_smith_waterman --crossover_rate 1
configs/einspace/base_config.yaml;--seed 3 --dataset multnist --generational True --regularised False --elitism 5 --mutation_rate 0.5 --crossover_strategy None --crossover_rate 0
configs/einspace/base_config.yaml;--seed 3 --dataset multnist --generational True --regularised False --elitism 5 --mutation_rate 0.5 --crossover_strategy one_point --crossover_rate 1
configs/einspace/base_config.yaml;--seed 3 --dataset multnist --generational True --regularised False --elitism 5 --mutation_rate 0.5 --crossover_strategy shortest_edit_path --crossover_rate 1
configs/einspace/base_config.yaml;--seed 3 --dataset multnist --generational True --regularised False --elitism 5 --mutation_rate 0.5 --crossover_strategy constrained_smith_waterman --crossover_rate 1
configs/einspace/base_config.yaml;--seed 3 --dataset multnist --generational True --regularised False --elitism 5 --mutation_rate 1.0 --crossover_strategy None --crossover_rate 0
configs/einspace/base_config.yaml;--seed 3 --dataset multnist --generational True --regularised False --elitism 5 --mutation_rate 1.0 --crossover_strategy one_point --crossover_rate 1
configs/einspace/base_config.yaml;--seed 3 --dataset multnist --generational True --regularised False --elitism 5 --mutation_rate 1.0 --crossover_strategy shortest_edit_path --crossover_rate 1
configs/einspace/base_config.yaml;--seed 3 --dataset multnist --generational True --regularised False --elitism 5 --mutation_rate 1.0 --crossover_strategy constrained_smith_waterman --crossover_rate 1
configs/einspace/base_config.yaml;--seed 3 --dataset cifartile --generational False --regularised True --elitism 0 --mutation_rate 0.0 --crossover_strategy None --crossover_rate 0
configs/einspace/base_config.yaml;--seed 3 --dataset cifartile --generational False --regularised True --elitism 0 --mutation_rate 0.0 --crossover_strategy one_point --crossover_rate 1
configs/einspace/base_config.yaml;--seed 3 --dataset cifartile --generational False --regularised True --elitism 0 --mutation_rate 0.0 --crossover_strategy shortest_edit_path --crossover_rate 1
configs/einspace/base_config.yaml;--seed 3 --dataset cifartile --generational False --regularised True --elitism 0 --mutation_rate 0.0 --crossover_strategy constrained_smith_waterman --crossover_rate 1
configs/einspace/base_config.yaml;--seed 3 --dataset cifartile --generational False --regularised True --elitism 0 --mutation_rate 0.5 --crossover_strategy None --crossover_rate 0
configs/einspace/base_config.yaml;--seed 3 --dataset cifartile --generational False --regularised True --elitism 0 --mutation_rate 0.5 --crossover_strategy one_point --crossover_rate 1
configs/einspace/base_config.yaml;--seed 3 --dataset cifartile --generational False --regularised True --elitism 0 --mutation_rate 0.5 --crossover_strategy shortest_edit_path --crossover_rate 1
configs/einspace/base_config.yaml;--seed 3 --dataset cifartile --generational False --regularised True --elitism 0 --mutation_rate 0.5 --crossover_strategy constrained_smith_waterman --crossover_rate 1
configs/einspace/base_config.yaml;--seed 3 --dataset cifartile --generational False --regularised True --elitism 0 --mutation_rate 1.0 --crossover_strategy None --crossover_rate 0
configs/einspace/base_config.yaml;--seed 3 --dataset cifartile --generational False --regularised True --elitism 0 --mutation_rate 1.0 --crossover_strategy one_point --crossover_rate 1
configs/einspace/base_config.yaml;--seed 3 --dataset cifartile --generational False --regularised True --elitism 0 --mutation_rate 1.0 --crossover_strategy shortest_edit_path --crossover_rate 1
configs/einspace/base_config.yaml;--seed 3 --dataset cifartile --generational False --regularised True --elitism 0 --mutation_rate 1.0 --crossover_strategy constrained_smith_waterman --crossover_rate 1
configs/einspace/base_config.yaml;--seed 3 --dataset cifartile --generational True --regularised False --elitism 5 --mutation_rate 0.0 --crossover_strategy None --crossover_rate 0
configs/einspace/base_config.yaml;--seed 3 --dataset cifartile --generational True --regularised False --elitism 5 --mutation_rate 0.0 --crossover_strategy one_point --crossover_rate 1
configs/einspace/base_config.yaml;--seed 3 --dataset cifartile --generational True --regularised False --elitism 5 --mutation_rate 0.0 --crossover_strategy shortest_edit_path --crossover_rate 1
configs/einspace/base_config.yaml;--seed 3 --dataset cifartile --generational True --regularised False --elitism 5 --mutation_rate 0.0 --crossover_strategy constrained_smith_waterman --crossover_rate 1
configs/einspace/base_config.yaml;--seed 3 --dataset cifartile --generational True --regularised False --elitism 5 --mutation_rate 0.5 --crossover_strategy None --crossover_rate 0
configs/einspace/base_config.yaml;--seed 3 --dataset cifartile --generational True --regularised False --elitism 5 --mutation_rate 0.5 --crossover_strategy one_point --crossover_rate 1
configs/einspace/base_config.yaml;--seed 3 --dataset cifartile --generational True --regularised False --elitism 5 --mutation_rate 0.5 --crossover_strategy shortest_edit_path --crossover_rate 1
configs/einspace/base_config.yaml;--seed 3 --dataset cifartile --generational True --regularised False --elitism 5 --mutation_rate 0.5 --crossover_strategy constrained_smith_waterman --crossover_rate 1
configs/einspace/base_config.yaml;--seed 3 --dataset cifartile --generational True --regularised False --elitism 5 --mutation_rate 1.0 --crossover_strategy None --crossover_rate 0
configs/einspace/base_config.yaml;--seed 3 --dataset cifartile --generational True --regularised False --elitism 5 --mutation_rate 1.0 --crossover_strategy one_point --crossover_rate 1
configs/einspace/base_config.yaml;--seed 3 --dataset cifartile --generational True --regularised False --elitism 5 --mutation_rate 1.0 --crossover_strategy shortest_edit_path --crossover_rate 1
configs/einspace/base_config.yaml;--seed 3 --dataset cifartile --generational True --regularised False --elitism 5 --mutation_rate 1.0 --crossover_strategy constrained_smith_waterman --crossover_rate 1
configs/einspace/base_config.yaml;--seed 3 --dataset gutenberg --generational False --regularised True --elitism 0 --mutation_rate 0.0 --crossover_strategy None --crossover_rate 0
configs/einspace/base_config.yaml;--seed 3 --dataset gutenberg --generational False --regularised True --elitism 0 --mutation_rate 0.0 --crossover_strategy one_point --crossover_rate 1
configs/einspace/base_config.yaml;--seed 3 --dataset gutenberg --generational False --regularised True --elitism 0 --mutation_rate 0.0 --crossover_strategy shortest_edit_path --crossover_rate 1
configs/einspace/base_config.yaml;--seed 3 --dataset gutenberg --generational False --regularised True --elitism 0 --mutation_rate 0.0 --crossover_strategy constrained_smith_waterman --crossover_rate 1
configs/einspace/base_config.yaml;--seed 3 --dataset gutenberg --generational False --regularised True --elitism 0 --mutation_rate 0.5 --crossover_strategy None --crossover_rate 0
configs/einspace/base_config.yaml;--seed 3 --dataset gutenberg --generational False --regularised True --elitism 0 --mutation_rate 0.5 --crossover_strategy one_point --crossover_rate 1
configs/einspace/base_config.yaml;--seed 3 --dataset gutenberg --generational False --regularised True --elitism 0 --mutation_rate 0.5 --crossover_strategy shortest_edit_path --crossover_rate 1
configs/einspace/base_config.yaml;--seed 3 --dataset gutenberg --generational False --regularised True --elitism 0 --mutation_rate 0.5 --crossover_strategy constrained_smith_waterman --crossover_rate 1
configs/einspace/base_config.yaml;--seed 3 --dataset gutenberg --generational False --regularised True --elitism 0 --mutation_rate 1.0 --crossover_strategy None --crossover_rate 0
configs/einspace/base_config.yaml;--seed 3 --dataset gutenberg --generational False --regularised True --elitism 0 --mutation_rate 1.0 --crossover_strategy one_point --crossover_rate 1
configs/einspace/base_config.yaml;--seed 3 --dataset gutenberg --generational False --regularised True --elitism 0 --mutation_rate 1.0 --crossover_strategy shortest_edit_path --crossover_rate 1
configs/einspace/base_config.yaml;--seed 3 --dataset gutenberg --generational False --regularised True --elitism 0 --mutation_rate 1.0 --crossover_strategy constrained_smith_waterman --crossover_rate 1
configs/einspace/base_config.yaml;--seed 3 --dataset gutenberg --generational True --regularised False --elitism 5 --mutation_rate 0.0 --crossover_strategy None --crossover_rate 0
configs/einspace/base_config.yaml;--seed 3 --dataset gutenberg --generational True --regularised False --elitism 5 --mutation_rate 0.0 --crossover_strategy one_point --crossover_rate 1
configs/einspace/base_config.yaml;--seed 3 --dataset gutenberg --generational True --regularised False --elitism 5 --mutation_rate 0.0 --crossover_strategy shortest_edit_path --crossover_rate 1
configs/einspace/base_config.yaml;--seed 3 --dataset gutenberg --generational True --regularised False --elitism 5 --mutation_rate 0.0 --crossover_strategy constrained_smith_waterman --crossover_rate 1
configs/einspace/base_config.yaml;--seed 3 --dataset gutenberg --generational True --regularised False --elitism 5 --mutation_rate 0.5 --crossover_strategy None --crossover_rate 0
configs/einspace/base_config.yaml;--seed 3 --dataset gutenberg --generational True --regularised False --elitism 5 --mutation_rate 0.5 --crossover_strategy one_point --crossover_rate 1
configs/einspace/base_config.yaml;--seed 3 --dataset gutenberg --generational True --regularised False --elitism 5 --mutation_rate 0.5 --crossover_strategy shortest_edit_path --crossover_rate 1
configs/einspace/base_config.yaml;--seed 3 --dataset gutenberg --generational True --regularised False --elitism 5 --mutation_rate 0.5 --crossover_strategy constrained_smith_waterman --crossover_rate 1
configs/einspace/base_config.yaml;--seed 3 --dataset gutenberg --generational True --regularised False --elitism 5 --mutation_rate 1.0 --crossover_strategy None --crossover_rate 0
configs/einspace/base_config.yaml;--seed 3 --dataset gutenberg --generational True --regularised False --elitism 5 --mutation_rate 1.0 --crossover_strategy one_point --crossover_rate 1
configs/einspace/base_config.yaml;--seed 3 --dataset gutenberg --generational True --regularised False --elitism 5 --mutation_rate 1.0 --crossover_strategy shortest_edit_path --crossover_rate 1
configs/einspace/base_config.yaml;--seed 3 --dataset gutenberg --generational True --regularised False --elitism 5 --mutation_rate 1.0 --crossover_strategy constrained_smith_waterman --crossover_rate 1
configs/einspace/base_config.yaml;--seed 3 --dataset isabella --generational False --regularised True --elitism 0 --mutation_rate 0.0 --crossover_strategy None --crossover_rate 0
configs/einspace/base_config.yaml;--seed 3 --dataset isabella --generational False --regularised True --elitism 0 --mutation_rate 0.0 --crossover_strategy one_point --crossover_rate 1
configs/einspace/base_config.yaml;--seed 3 --dataset isabella --generational False --regularised True --elitism 0 --mutation_rate 0.0 --crossover_strategy shortest_edit_path --crossover_rate 1
configs/einspace/base_config.yaml;--seed 3 --dataset isabella --generational False --regularised True --elitism 0 --mutation_rate 0.0 --crossover_strategy constrained_smith_waterman --crossover_rate 1
configs/einspace/base_config.yaml;--seed 3 --dataset isabella --generational False --regularised True --elitism 0 --mutation_rate 0.5 --crossover_strategy None --crossover_rate 0
configs/einspace/base_config.yaml;--seed 3 --dataset isabella --generational False --regularised True --elitism 0 --mutation_rate 0.5 --crossover_strategy one_point --crossover_rate 1
configs/einspace/base_config.yaml;--seed 3 --dataset isabella --generational False --regularised True --elitism 0 --mutation_rate 0.5 --crossover_strategy shortest_edit_path --crossover_rate 1
configs/einspace/base_config.yaml;--seed 3 --dataset isabella --generational False --regularised True --elitism 0 --mutation_rate 0.5 --crossover_strategy constrained_smith_waterman --crossover_rate 1
configs/einspace/base_config.yaml;--seed 3 --dataset isabella --generational False --regularised True --elitism 0 --mutation_rate 1.0 --crossover_strategy None --crossover_rate 0
configs/einspace/base_config.yaml;--seed 3 --dataset isabella --generational False --regularised True --elitism 0 --mutation_rate 1.0 --crossover_strategy one_point --crossover_rate 1
configs/einspace/base_config.yaml;--seed 3 --dataset isabella --generational False --regularised True --elitism 0 --mutation_rate 1.0 --crossover_strategy shortest_edit_path --crossover_rate 1
configs/einspace/base_config.yaml;--seed 3 --dataset isabella --generational False --regularised True --elitism 0 --mutation_rate 1.0 --crossover_strategy constrained_smith_waterman --crossover_rate 1
configs/einspace/base_config.yaml;--seed 3 --dataset isabella --generational True --regularised False --elitism 5 --mutation_rate 0.0 --crossover_strategy None --crossover_rate 0
configs/einspace/base_config.yaml;--seed 3 --dataset isabella --generational True --regularised False --elitism 5 --mutation_rate 0.0 --crossover_strategy one_point --crossover_rate 1
configs/einspace/base_config.yaml;--seed 3 --dataset isabella --generational True --regularised False --elitism 5 --mutation_rate 0.0 --crossover_strategy shortest_edit_path --crossover_rate 1
configs/einspace/base_config.yaml;--seed 3 --dataset isabella --generational True --regularised False --elitism 5 --mutation_rate 0.0 --crossover_strategy constrained_smith_waterman --crossover_rate 1
configs/einspace/base_config.yaml;--seed 3 --dataset isabella --generational True --regularised False --elitism 5 --mutation_rate 0.5 --crossover_strategy None --crossover_rate 0
configs/einspace/base_config.yaml;--seed 3 --dataset isabella --generational True --regularised False --elitism 5 --mutation_rate 0.5 --crossover_strategy one_point --crossover_rate 1
configs/einspace/base_config.yaml;--seed 3 --dataset isabella --generational True --regularised False --elitism 5 --mutation_rate 0.5 --crossover_strategy shortest_edit_path --crossover_rate 1
configs/einspace/base_config.yaml;--seed 3 --dataset isabella --generational True --regularised False --elitism 5 --mutation_rate 0.5 --crossover_strategy constrained_smith_waterman --crossover_rate 1
configs/einspace/base_config.yaml;--seed 3 --dataset isabella --generational True --regularised False --elitism 5 --mutation_rate 1.0 --crossover_strategy None --crossover_rate 0
configs/einspace/base_config.yaml;--seed 3 --dataset isabella --generational True --regularised False --elitism 5 --mutation_rate 1.0 --crossover_strategy one_point --crossover_rate 1
configs/einspace/base_config.yaml;--seed 3 --dataset isabella --generational True --regularised False --elitism 5 --mutation_rate 1.0 --crossover_strategy shortest_edit_path --crossover_rate 1
configs/einspace/base_config.yaml;--seed 3 --dataset isabella --generational True --regularised False --elitism 5 --mutation_rate 1.0 --crossover_strategy constrained_smith_waterman --crossover_rate 1
configs/einspace/base_config.yaml;--seed 3 --dataset geoclassing --generational False --regularised True --elitism 0 --mutation_rate 0.0 --crossover_strategy None --crossover_rate 0
configs/einspace/base_config.yaml;--seed 3 --dataset geoclassing --generational False --regularised True --elitism 0 --mutation_rate 0.0 --crossover_strategy one_point --crossover_rate 1
configs/einspace/base_config.yaml;--seed 3 --dataset geoclassing --generational False --regularised True --elitism 0 --mutation_rate 0.0 --crossover_strategy shortest_edit_path --crossover_rate 1
configs/einspace/base_config.yaml;--seed 3 --dataset geoclassing --generational False --regularised True --elitism 0 --mutation_rate 0.0 --crossover_strategy constrained_smith_waterman --crossover_rate 1
configs/einspace/base_config.yaml;--seed 3 --dataset geoclassing --generational False --regularised True --elitism 0 --mutation_rate 0.5 --crossover_strategy None --crossover_rate 0
configs/einspace/base_config.yaml;--seed 3 --dataset geoclassing --generational False --regularised True --elitism 0 --mutation_rate 0.5 --crossover_strategy one_point --crossover_rate 1
configs/einspace/base_config.yaml;--seed 3 --dataset geoclassing --generational False --regularised True --elitism 0 --mutation_rate 0.5 --crossover_strategy shortest_edit_path --crossover_rate 1
configs/einspace/base_config.yaml;--seed 3 --dataset geoclassing --generational False --regularised True --elitism 0 --mutation_rate 0.5 --crossover_strategy constrained_smith_waterman --crossover_rate 1
configs/einspace/base_config.yaml;--seed 3 --dataset geoclassing --generational False --regularised True --elitism 0 --mutation_rate 1.0 --crossover_strategy None --crossover_rate 0
configs/einspace/base_config.yaml;--seed 3 --dataset geoclassing --generational False --regularised True --elitism 0 --mutation_rate 1.0 --crossover_strategy one_point --crossover_rate 1
configs/einspace/base_config.yaml;--seed 3 --dataset geoclassing --generational False --regularised True --elitism 0 --mutation_rate 1.0 --crossover_strategy shortest_edit_path --crossover_rate 1
configs/einspace/base_config.yaml;--seed 3 --dataset geoclassing --generational False --regularised True --elitism 0 --mutation_rate 1.0 --crossover_strategy constrained_smith_waterman --crossover_rate 1
configs/einspace/base_config.yaml;--seed 3 --dataset geoclassing --generational True --regularised False --elitism 5 --mutation_rate 0.0 --crossover_strategy None --crossover_rate 0
configs/einspace/base_config.yaml;--seed 3 --dataset geoclassing --generational True --regularised False --elitism 5 --mutation_rate 0.0 --crossover_strategy one_point --crossover_rate 1
configs/einspace/base_config.yaml;--seed 3 --dataset geoclassing --generational True --regularised False --elitism 5 --mutation_rate 0.0 --crossover_strategy shortest_edit_path --crossover_rate 1
configs/einspace/base_config.yaml;--seed 3 --dataset geoclassing --generational True --regularised False --elitism 5 --mutation_rate 0.0 --crossover_strategy constrained_smith_waterman --crossover_rate 1
configs/einspace/base_config.yaml;--seed 3 --dataset geoclassing --generational True --regularised False --elitism 5 --mutation_rate 0.5 --crossover_strategy None --crossover_rate 0
configs/einspace/base_config.yaml;--seed 3 --dataset geoclassing --generational True --regularised False --elitism 5 --mutation_rate 0.5 --crossover_strategy one_point --crossover_rate 1
configs/einspace/base_config.yaml;--seed 3 --dataset geoclassing --generational True --regularised False --elitism 5 --mutation_rate 0.5 --crossover_strategy shortest_edit_path --crossover_rate 1
configs/einspace/base_config.yaml;--seed 3 --dataset geoclassing --generational True --regularised False --elitism 5 --mutation_rate 0.5 --crossover_strategy constrained_smith_waterman --crossover_rate 1
configs/einspace/base_config.yaml;--seed 3 --dataset geoclassing --generational True --regularised False --elitism 5 --mutation_rate 1.0 --crossover_strategy None --crossover_rate 0
configs/einspace/base_config.yaml;--seed 3 --dataset geoclassing --generational True --regularised False --elitism 5 --mutation_rate 1.0 --crossover_strategy one_point --crossover_rate 1
configs/einspace/base_config.yaml;--seed 3 --dataset geoclassing --generational True --regularised False --elitism 5 --mutation_rate 1.0 --crossover_strategy shortest_edit_path --crossover_rate 1
configs/einspace/base_config.yaml;--seed 3 --dataset geoclassing --generational True --regularised False --elitism 5 --mutation_rate 1.0 --crossover_strategy constrained_smith_waterman --crossover_rate 1
configs/einspace/base_config.yaml;--seed 3 --dataset chesseract --generational False --regularised True --elitism 0 --mutation_rate 0.0 --crossover_strategy None --crossover_rate 0
configs/einspace/base_config.yaml;--seed 3 --dataset chesseract --generational False --regularised True --elitism 0 --mutation_rate 0.0 --crossover_strategy one_point --crossover_rate 1
configs/einspace/base_config.yaml;--seed 3 --dataset chesseract --generational False --regularised True --elitism 0 --mutation_rate 0.0 --crossover_strategy shortest_edit_path --crossover_rate 1
configs/einspace/base_config.yaml;--seed 3 --dataset chesseract --generational False --regularised True --elitism 0 --mutation_rate 0.0 --crossover_strategy constrained_smith_waterman --crossover_rate 1
configs/einspace/base_config.yaml;--seed 3 --dataset chesseract --generational False --regularised True --elitism 0 --mutation_rate 0.5 --crossover_strategy None --crossover_rate 0
configs/einspace/base_config.yaml;--seed 3 --dataset chesseract --generational False --regularised True --elitism 0 --mutation_rate 0.5 --crossover_strategy one_point --crossover_rate 1
configs/einspace/base_config.yaml;--seed 3 --dataset chesseract --generational False --regularised True --elitism 0 --mutation_rate 0.5 --crossover_strategy shortest_edit_path --crossover_rate 1
configs/einspace/base_config.yaml;--seed 3 --dataset chesseract --generational False --regularised True --elitism 0 --mutation_rate 0.5 --crossover_strategy constrained_smith_waterman --crossover_rate 1
configs/einspace/base_config.yaml;--seed 3 --dataset chesseract --generational False --regularised True --elitism 0 --mutation_rate 1.0 --crossover_strategy None --crossover_rate 0
configs/einspace/base_config.yaml;--seed 3 --dataset chesseract --generational False --regularised True --elitism 0 --mutation_rate 1.0 --crossover_strategy one_point --crossover_rate 1
configs/einspace/base_config.yaml;--seed 3 --dataset chesseract --generational False --regularised True --elitism 0 --mutation_rate 1.0 --crossover_strategy shortest_edit_path --crossover_rate 1
configs/einspace/base_config.yaml;--seed 3 --dataset chesseract --generational False --regularised True --elitism 0 --mutation_rate 1.0 --crossover_strategy constrained_smith_waterman --crossover_rate 1
configs/einspace/base_config.yaml;--seed 3 --dataset chesseract --generational True --regularised False --elitism 5 --mutation_rate 0.0 --crossover_strategy None --crossover_rate 0
configs/einspace/base_config.yaml;--seed 3 --dataset chesseract --generational True --regularised False --elitism 5 --mutation_rate 0.0 --crossover_strategy one_point --crossover_rate 1
configs/einspace/base_config.yaml;--seed 3 --dataset chesseract --generational True --regularised False --elitism 5 --mutation_rate 0.0 --crossover_strategy shortest_edit_path --crossover_rate 1
configs/einspace/base_config.yaml;--seed 3 --dataset chesseract --generational True --regularised False --elitism 5 --mutation_rate 0.0 --crossover_strategy constrained_smith_waterman --crossover_rate 1
configs/einspace/base_config.yaml;--seed 3 --dataset chesseract --generational True --regularised False --elitism 5 --mutation_rate 0.5 --crossover_strategy None --crossover_rate 0
configs/einspace/base_config.yaml;--seed 3 --dataset chesseract --generational True --regularised False --elitism 5 --mutation_rate 0.5 --crossover_strategy one_point --crossover_rate 1
configs/einspace/base_config.yaml;--seed 3 --dataset chesseract --generational True --regularised False --elitism 5 --mutation_rate 0.5 --crossover_strategy shortest_edit_path --crossover_rate 1
configs/einspace/base_config.yaml;--seed 3 --dataset chesseract --generational True --regularised False --elitism 5 --mutation_rate 0.5 --crossover_strategy constrained_smith_waterman --crossover_rate 1
configs/einspace/base_config.yaml;--seed 3 --dataset chesseract --generational True --regularised False --elitism 5 --mutation_rate 1.0 --crossover_strategy None --crossover_rate 0
configs/einspace/base_config.yaml;--seed 3 --dataset chesseract --generational True --regularised False --elitism 5 --mutation_rate 1.0 --crossover_strategy one_point --crossover_rate 1
configs/einspace/base_config.yaml;--seed 3 --dataset chesseract --generational True --regularised False --elitism 5 --mutation_rate 1.0 --crossover_strategy shortest_edit_path --crossover_rate 1
configs/einspace/base_config.yaml;--seed 3 --dataset chesseract --generational True --regularised False --elitism 5 --mutation_rate 1.0 --crossover_strategy constrained_smith_waterman --crossover_rate 1
configs/einspace/base_config.yaml;--seed 4 --dataset cifar10 --generational False --regularised True --elitism 0 --mutation_rate 0.0 --crossover_strategy None --crossover_rate 0
configs/einspace/base_config.yaml;--seed 4 --dataset cifar10 --generational False --regularised True --elitism 0 --mutation_rate 0.0 --crossover_strategy one_point --crossover_rate 1
configs/einspace/base_config.yaml;--seed 4 --dataset cifar10 --generational False --regularised True --elitism 0 --mutation_rate 0.0 --crossover_strategy shortest_edit_path --crossover_rate 1
configs/einspace/base_config.yaml;--seed 4 --dataset cifar10 --generational False --regularised True --elitism 0 --mutation_rate 0.0 --crossover_strategy constrained_smith_waterman --crossover_rate 1
configs/einspace/base_config.yaml;--seed 4 --dataset cifar10 --generational False --regularised True --elitism 0 --mutation_rate 0.5 --crossover_strategy None --crossover_rate 0
configs/einspace/base_config.yaml;--seed 4 --dataset cifar10 --generational False --regularised True --elitism 0 --mutation_rate 0.5 --crossover_strategy one_point --crossover_rate 1
configs/einspace/base_config.yaml;--seed 4 --dataset cifar10 --generational False --regularised True --elitism 0 --mutation_rate 0.5 --crossover_strategy shortest_edit_path --crossover_rate 1
configs/einspace/base_config.yaml;--seed 4 --dataset cifar10 --generational False --regularised True --elitism 0 --mutation_rate 0.5 --crossover_strategy constrained_smith_waterman --crossover_rate 1
configs/einspace/base_config.yaml;--seed 4 --dataset cifar10 --generational False --regularised True --elitism 0 --mutation_rate 1.0 --crossover_strategy None --crossover_rate 0
configs/einspace/base_config.yaml;--seed 4 --dataset cifar10 --generational False --regularised True --elitism 0 --mutation_rate 1.0 --crossover_strategy one_point --crossover_rate 1
configs/einspace/base_config.yaml;--seed 4 --dataset cifar10 --generational False --regularised True --elitism 0 --mutation_rate 1.0 --crossover_strategy shortest_edit_path --crossover_rate 1
configs/einspace/base_config.yaml;--seed 4 --dataset cifar10 --generational False --regularised True --elitism 0 --mutation_rate 1.0 --crossover_strategy constrained_smith_waterman --crossover_rate 1
configs/einspace/base_config.yaml;--seed 4 --dataset cifar10 --generational True --regularised False --elitism 5 --mutation_rate 0.0 --crossover_strategy None --crossover_rate 0
configs/einspace/base_config.yaml;--seed 4 --dataset cifar10 --generational True --regularised False --elitism 5 --mutation_rate 0.0 --crossover_strategy one_point --crossover_rate 1
configs/einspace/base_config.yaml;--seed 4 --dataset cifar10 --generational True --regularised False --elitism 5 --mutation_rate 0.0 --crossover_strategy shortest_edit_path --crossover_rate 1
configs/einspace/base_config.yaml;--seed 4 --dataset cifar10 --generational True --regularised False --elitism 5 --mutation_rate 0.0 --crossover_strategy constrained_smith_waterman --crossover_rate 1
configs/einspace/base_config.yaml;--seed 4 --dataset cifar10 --generational True --regularised False --elitism 5 --mutation_rate 0.5 --crossover_strategy None --crossover_rate 0
configs/einspace/base_config.yaml;--seed 4 --dataset cifar10 --generational True --regularised False --elitism 5 --mutation_rate 0.5 --crossover_strategy one_point --crossover_rate 1
configs/einspace/base_config.yaml;--seed 4 --dataset cifar10 --generational True --regularised False --elitism 5 --mutation_rate 0.5 --crossover_strategy shortest_edit_path --crossover_rate 1
configs/einspace/base_config.yaml;--seed 4 --dataset cifar10 --generational True --regularised False --elitism 5 --mutation_rate 0.5 --crossover_strategy constrained_smith_waterman --crossover_rate 1
configs/einspace/base_config.yaml;--seed 4 --dataset cifar10 --generational True --regularised False --elitism 5 --mutation_rate 1.0 --crossover_strategy None --crossover_rate 0
configs/einspace/base_config.yaml;--seed 4 --dataset cifar10 --generational True --regularised False --elitism 5 --mutation_rate 1.0 --crossover_strategy one_point --crossover_rate 1
configs/einspace/base_config.yaml;--seed 4 --dataset cifar10 --generational True --regularised False --elitism 5 --mutation_rate 1.0 --crossover_strategy shortest_edit_path --crossover_rate 1
configs/einspace/base_config.yaml;--seed 4 --dataset cifar10 --generational True --regularised False --elitism 5 --mutation_rate 1.0 --crossover_strategy constrained_smith_waterman --crossover_rate 1
configs/einspace/base_config.yaml;--seed 4 --dataset cifar100 --generational False --regularised True --elitism 0 --mutation_rate 0.0 --crossover_strategy None --crossover_rate 0
configs/einspace/base_config.yaml;--seed 4 --dataset cifar100 --generational False --regularised True --elitism 0 --mutation_rate 0.0 --crossover_strategy one_point --crossover_rate 1
configs/einspace/base_config.yaml;--seed 4 --dataset cifar100 --generational False --regularised True --elitism 0 --mutation_rate 0.0 --crossover_strategy shortest_edit_path --crossover_rate 1
configs/einspace/base_config.yaml;--seed 4 --dataset cifar100 --generational False --regularised True --elitism 0 --mutation_rate 0.0 --crossover_strategy constrained_smith_waterman --crossover_rate 1
configs/einspace/base_config.yaml;--seed 4 --dataset cifar100 --generational False --regularised True --elitism 0 --mutation_rate 0.5 --crossover_strategy None --crossover_rate 0
configs/einspace/base_config.yaml;--seed 4 --dataset cifar100 --generational False --regularised True --elitism 0 --mutation_rate 0.5 --crossover_strategy one_point --crossover_rate 1
configs/einspace/base_config.yaml;--seed 4 --dataset cifar100 --generational False --regularised True --elitism 0 --mutation_rate 0.5 --crossover_strategy shortest_edit_path --crossover_rate 1
configs/einspace/base_config.yaml;--seed 4 --dataset cifar100 --generational False --regularised True --elitism 0 --mutation_rate 0.5 --crossover_strategy constrained_smith_waterman --crossover_rate 1
configs/einspace/base_config.yaml;--seed 4 --dataset cifar100 --generational False --regularised True --elitism 0 --mutation_rate 1.0 --crossover_strategy None --crossover_rate 0
configs/einspace/base_config.yaml;--seed 4 --dataset cifar100 --generational False --regularised True --elitism 0 --mutation_rate 1.0 --crossover_strategy one_point --crossover_rate 1
configs/einspace/base_config.yaml;--seed 4 --dataset cifar100 --generational False --regularised True --elitism 0 --mutation_rate 1.0 --crossover_strategy shortest_edit_path --crossover_rate 1
configs/einspace/base_config.yaml;--seed 4 --dataset cifar100 --generational False --regularised True --elitism 0 --mutation_rate 1.0 --crossover_strategy constrained_smith_waterman --crossover_rate 1
configs/einspace/base_config.yaml;--seed 4 --dataset cifar100 --generational True --regularised False --elitism 5 --mutation_rate 0.0 --crossover_strategy None --crossover_rate 0
configs/einspace/base_config.yaml;--seed 4 --dataset cifar100 --generational True --regularised False --elitism 5 --mutation_rate 0.0 --crossover_strategy one_point --crossover_rate 1
configs/einspace/base_config.yaml;--seed 4 --dataset cifar100 --generational True --regularised False --elitism 5 --mutation_rate 0.0 --crossover_strategy shortest_edit_path --crossover_rate 1
configs/einspace/base_config.yaml;--seed 4 --dataset cifar100 --generational True --regularised False --elitism 5 --mutation_rate 0.0 --crossover_strategy constrained_smith_waterman --crossover_rate 1
configs/einspace/base_config.yaml;--seed 4 --dataset cifar100 --generational True --regularised False --elitism 5 --mutation_rate 0.5 --crossover_strategy None --crossover_rate 0
configs/einspace/base_config.yaml;--seed 4 --dataset cifar100 --generational True --regularised False --elitism 5 --mutation_rate 0.5 --crossover_strategy one_point --crossover_rate 1
configs/einspace/base_config.yaml;--seed 4 --dataset cifar100 --generational True --regularised False --elitism 5 --mutation_rate 0.5 --crossover_strategy shortest_edit_path --crossover_rate 1
configs/einspace/base_config.yaml;--seed 4 --dataset cifar100 --generational True --regularised False --elitism 5 --mutation_rate 0.5 --crossover_strategy constrained_smith_waterman --crossover_rate 1
configs/einspace/base_config.yaml;--seed 4 --dataset cifar100 --generational True --regularised False --elitism 5 --mutation_rate 1.0 --crossover_strategy None --crossover_rate 0
configs/einspace/base_config.yaml;--seed 4 --dataset cifar100 --generational True --regularised False --elitism 5 --mutation_rate 1.0 --crossover_strategy one_point --crossover_rate 1
configs/einspace/base_config.yaml;--seed 4 --dataset cifar100 --generational True --regularised False --elitism 5 --mutation_rate 1.0 --crossover_strategy shortest_edit_path --crossover_rate 1
configs/einspace/base_config.yaml;--seed 4 --dataset cifar100 --generational True --regularised False --elitism 5 --mutation_rate 1.0 --crossover_strategy constrained_smith_waterman --crossover_rate 1
configs/einspace/base_config.yaml;--seed 4 --dataset addnist --generational False --regularised True --elitism 0 --mutation_rate 0.0 --crossover_strategy None --crossover_rate 0
configs/einspace/base_config.yaml;--seed 4 --dataset addnist --generational False --regularised True --elitism 0 --mutation_rate 0.0 --crossover_strategy one_point --crossover_rate 1
configs/einspace/base_config.yaml;--seed 4 --dataset addnist --generational False --regularised True --elitism 0 --mutation_rate 0.0 --crossover_strategy shortest_edit_path --crossover_rate 1
configs/einspace/base_config.yaml;--seed 4 --dataset addnist --generational False --regularised True --elitism 0 --mutation_rate 0.0 --crossover_strategy constrained_smith_waterman --crossover_rate 1
configs/einspace/base_config.yaml;--seed 4 --dataset addnist --generational False --regularised True --elitism 0 --mutation_rate 0.5 --crossover_strategy None --crossover_rate 0
configs/einspace/base_config.yaml;--seed 4 --dataset addnist --generational False --regularised True --elitism 0 --mutation_rate 0.5 --crossover_strategy one_point --crossover_rate 1
configs/einspace/base_config.yaml;--seed 4 --dataset addnist --generational False --regularised True --elitism 0 --mutation_rate 0.5 --crossover_strategy shortest_edit_path --crossover_rate 1
configs/einspace/base_config.yaml;--seed 4 --dataset addnist --generational False --regularised True --elitism 0 --mutation_rate 0.5 --crossover_strategy constrained_smith_waterman --crossover_rate 1
configs/einspace/base_config.yaml;--seed 4 --dataset addnist --generational False --regularised True --elitism 0 --mutation_rate 1.0 --crossover_strategy None --crossover_rate 0
configs/einspace/base_config.yaml;--seed 4 --dataset addnist --generational False --regularised True --elitism 0 --mutation_rate 1.0 --crossover_strategy one_point --crossover_rate 1
configs/einspace/base_config.yaml;--seed 4 --dataset addnist --generational False --regularised True --elitism 0 --mutation_rate 1.0 --crossover_strategy shortest_edit_path --crossover_rate 1
configs/einspace/base_config.yaml;--seed 4 --dataset addnist --generational False --regularised True --elitism 0 --mutation_rate 1.0 --crossover_strategy constrained_smith_waterman --crossover_rate 1
configs/einspace/base_config.yaml;--seed 4 --dataset addnist --generational True --regularised False --elitism 5 --mutation_rate 0.0 --crossover_strategy None --crossover_rate 0
configs/einspace/base_config.yaml;--seed 4 --dataset addnist --generational True --regularised False --elitism 5 --mutation_rate 0.0 --crossover_strategy one_point --crossover_rate 1
configs/einspace/base_config.yaml;--seed 4 --dataset addnist --generational True --regularised False --elitism 5 --mutation_rate 0.0 --crossover_strategy shortest_edit_path --crossover_rate 1
configs/einspace/base_config.yaml;--seed 4 --dataset addnist --generational True --regularised False --elitism 5 --mutation_rate 0.0 --crossover_strategy constrained_smith_waterman --crossover_rate 1
configs/einspace/base_config.yaml;--seed 4 --dataset addnist --generational True --regularised False --elitism 5 --mutation_rate 0.5 --crossover_strategy None --crossover_rate 0
configs/einspace/base_config.yaml;--seed 4 --dataset addnist --generational True --regularised False --elitism 5 --mutation_rate 0.5 --crossover_strategy one_point --crossover_rate 1
configs/einspace/base_config.yaml;--seed 4 --dataset addnist --generational True --regularised False --elitism 5 --mutation_rate 0.5 --crossover_strategy shortest_edit_path --crossover_rate 1
configs/einspace/base_config.yaml;--seed 4 --dataset addnist --generational True --regularised False --elitism 5 --mutation_rate 0.5 --crossover_strategy constrained_smith_waterman --crossover_rate 1
configs/einspace/base_config.yaml;--seed 4 --dataset addnist --generational True --regularised False --elitism 5 --mutation_rate 1.0 --crossover_strategy None --crossover_rate 0
configs/einspace/base_config.yaml;--seed 4 --dataset addnist --generational True --regularised False --elitism 5 --mutation_rate 1.0 --crossover_strategy one_point --crossover_rate 1
configs/einspace/base_config.yaml;--seed 4 --dataset addnist --generational True --regularised False --elitism 5 --mutation_rate 1.0 --crossover_strategy shortest_edit_path --crossover_rate 1
configs/einspace/base_config.yaml;--seed 4 --dataset addnist --generational True --regularised False --elitism 5 --mutation_rate 1.0 --crossover_strategy constrained_smith_waterman --crossover_rate 1
configs/einspace/base_config.yaml;--seed 4 --dataset language --generational False --regularised True --elitism 0 --mutation_rate 0.0 --crossover_strategy None --crossover_rate 0
configs/einspace/base_config.yaml;--seed 4 --dataset language --generational False --regularised True --elitism 0 --mutation_rate 0.0 --crossover_strategy one_point --crossover_rate 1
configs/einspace/base_config.yaml;--seed 4 --dataset language --generational False --regularised True --elitism 0 --mutation_rate 0.0 --crossover_strategy shortest_edit_path --crossover_rate 1
configs/einspace/base_config.yaml;--seed 4 --dataset language --generational False --regularised True --elitism 0 --mutation_rate 0.0 --crossover_strategy constrained_smith_waterman --crossover_rate 1
configs/einspace/base_config.yaml;--seed 4 --dataset language --generational False --regularised True --elitism 0 --mutation_rate 0.5 --crossover_strategy None --crossover_rate 0
configs/einspace/base_config.yaml;--seed 4 --dataset language --generational False --regularised True --elitism 0 --mutation_rate 0.5 --crossover_strategy one_point --crossover_rate 1
configs/einspace/base_config.yaml;--seed 4 --dataset language --generational False --regularised True --elitism 0 --mutation_rate 0.5 --crossover_strategy shortest_edit_path --crossover_rate 1
configs/einspace/base_config.yaml;--seed 4 --dataset language --generational False --regularised True --elitism 0 --mutation_rate 0.5 --crossover_strategy constrained_smith_waterman --crossover_rate 1
configs/einspace/base_config.yaml;--seed 4 --dataset language --generational False --regularised True --elitism 0 --mutation_rate 1.0 --crossover_strategy None --crossover_rate 0
configs/einspace/base_config.yaml;--seed 4 --dataset language --generational False --regularised True --elitism 0 --mutation_rate 1.0 --crossover_strategy one_point --crossover_rate 1
configs/einspace/base_config.yaml;--seed 4 --dataset language --generational False --regularised True --elitism 0 --mutation_rate 1.0 --crossover_strategy shortest_edit_path --crossover_rate 1
configs/einspace/base_config.yaml;--seed 4 --dataset language --generational False --regularised True --elitism 0 --mutation_rate 1.0 --crossover_strategy constrained_smith_waterman --crossover_rate 1
configs/einspace/base_config.yaml;--seed 4 --dataset language --generational True --regularised False --elitism 5 --mutation_rate 0.0 --crossover_strategy None --crossover_rate 0
configs/einspace/base_config.yaml;--seed 4 --dataset language --generational True --regularised False --elitism 5 --mutation_rate 0.0 --crossover_strategy one_point --crossover_rate 1
configs/einspace/base_config.yaml;--seed 4 --dataset language --generational True --regularised False --elitism 5 --mutation_rate 0.0 --crossover_strategy shortest_edit_path --crossover_rate 1
configs/einspace/base_config.yaml;--seed 4 --dataset language --generational True --regularised False --elitism 5 --mutation_rate 0.0 --crossover_strategy constrained_smith_waterman --crossover_rate 1
configs/einspace/base_config.yaml;--seed 4 --dataset language --generational True --regularised False --elitism 5 --mutation_rate 0.5 --crossover_strategy None --crossover_rate 0
configs/einspace/base_config.yaml;--seed 4 --dataset language --generational True --regularised False --elitism 5 --mutation_rate 0.5 --crossover_strategy one_point --crossover_rate 1
configs/einspace/base_config.yaml;--seed 4 --dataset language --generational True --regularised False --elitism 5 --mutation_rate 0.5 --crossover_strategy shortest_edit_path --crossover_rate 1
configs/einspace/base_config.yaml;--seed 4 --dataset language --generational True --regularised False --elitism 5 --mutation_rate 0.5 --crossover_strategy constrained_smith_waterman --crossover_rate 1
configs/einspace/base_config.yaml;--seed 4 --dataset language --generational True --regularised False --elitism 5 --mutation_rate 1.0 --crossover_strategy None --crossover_rate 0
configs/einspace/base_config.yaml;--seed 4 --dataset language --generational True --regularised False --elitism 5 --mutation_rate 1.0 --crossover_strategy one_point --crossover_rate 1
configs/einspace/base_config.yaml;--seed 4 --dataset language --generational True --regularised False --elitism 5 --mutation_rate 1.0 --crossover_strategy shortest_edit_path --crossover_rate 1
configs/einspace/base_config.yaml;--seed 4 --dataset language --generational True --regularised False --elitism 5 --mutation_rate 1.0 --crossover_strategy constrained_smith_waterman --crossover_rate 1
configs/einspace/base_config.yaml;--seed 4 --dataset multnist --generational False --regularised True --elitism 0 --mutation_rate 0.0 --crossover_strategy None --crossover_rate 0
configs/einspace/base_config.yaml;--seed 4 --dataset multnist --generational False --regularised True --elitism 0 --mutation_rate 0.0 --crossover_strategy one_point --crossover_rate 1
configs/einspace/base_config.yaml;--seed 4 --dataset multnist --generational False --regularised True --elitism 0 --mutation_rate 0.0 --crossover_strategy shortest_edit_path --crossover_rate 1
configs/einspace/base_config.yaml;--seed 4 --dataset multnist --generational False --regularised True --elitism 0 --mutation_rate 0.0 --crossover_strategy constrained_smith_waterman --crossover_rate 1
configs/einspace/base_config.yaml;--seed 4 --dataset multnist --generational False --regularised True --elitism 0 --mutation_rate 0.5 --crossover_strategy None --crossover_rate 0
configs/einspace/base_config.yaml;--seed 4 --dataset multnist --generational False --regularised True --elitism 0 --mutation_rate 0.5 --crossover_strategy one_point --crossover_rate 1
configs/einspace/base_config.yaml;--seed 4 --dataset multnist --generational False --regularised True --elitism 0 --mutation_rate 0.5 --crossover_strategy shortest_edit_path --crossover_rate 1
configs/einspace/base_config.yaml;--seed 4 --dataset multnist --generational False --regularised True --elitism 0 --mutation_rate 0.5 --crossover_strategy constrained_smith_waterman --crossover_rate 1
configs/einspace/base_config.yaml;--seed 4 --dataset multnist --generational False --regularised True --elitism 0 --mutation_rate 1.0 --crossover_strategy None --crossover_rate 0
configs/einspace/base_config.yaml;--seed 4 --dataset multnist --generational False --regularised True --elitism 0 --mutation_rate 1.0 --crossover_strategy one_point --crossover_rate 1
configs/einspace/base_config.yaml;--seed 4 --dataset multnist --generational False --regularised True --elitism 0 --mutation_rate 1.0 --crossover_strategy shortest_edit_path --crossover_rate 1
configs/einspace/base_config.yaml;--seed 4 --dataset multnist --generational False --regularised True --elitism 0 --mutation_rate 1.0 --crossover_strategy constrained_smith_waterman --crossover_rate 1
configs/einspace/base_config.yaml;--seed 4 --dataset multnist --generational True --regularised False --elitism 5 --mutation_rate 0.0 --crossover_strategy None --crossover_rate 0
configs/einspace/base_config.yaml;--seed 4 --dataset multnist --generational True --regularised False --elitism 5 --mutation_rate 0.0 --crossover_strategy one_point --crossover_rate 1
configs/einspace/base_config.yaml;--seed 4 --dataset multnist --generational True --regularised False --elitism 5 --mutation_rate 0.0 --crossover_strategy shortest_edit_path --crossover_rate 1
configs/einspace/base_config.yaml;--seed 4 --dataset multnist --generational True --regularised False --elitism 5 --mutation_rate 0.0 --crossover_strategy constrained_smith_waterman --crossover_rate 1
configs/einspace/base_config.yaml;--seed 4 --dataset multnist --generational True --regularised False --elitism 5 --mutation_rate 0.5 --crossover_strategy None --crossover_rate 0
configs/einspace/base_config.yaml;--seed 4 --dataset multnist --generational True --regularised False --elitism 5 --mutation_rate 0.5 --crossover_strategy one_point --crossover_rate 1
configs/einspace/base_config.yaml;--seed 4 --dataset multnist --generational True --regularised False --elitism 5 --mutation_rate 0.5 --crossover_strategy shortest_edit_path --crossover_rate 1
configs/einspace/base_config.yaml;--seed 4 --dataset multnist --generational True --regularised False --elitism 5 --mutation_rate 0.5 --crossover_strategy constrained_smith_waterman --crossover_rate 1
configs/einspace/base_config.yaml;--seed 4 --dataset multnist --generational True --regularised False --elitism 5 --mutation_rate 1.0 --crossover_strategy None --crossover_rate 0
configs/einspace/base_config.yaml;--seed 4 --dataset multnist --generational True --regularised False --elitism 5 --mutation_rate 1.0 --crossover_strategy one_point --crossover_rate 1
configs/einspace/base_config.yaml;--seed 4 --dataset multnist --generational True --regularised False --elitism 5 --mutation_rate 1.0 --crossover_strategy shortest_edit_path --crossover_rate 1
configs/einspace/base_config.yaml;--seed 4 --dataset multnist --generational True --regularised False --elitism 5 --mutation_rate 1.0 --crossover_strategy constrained_smith_waterman --crossover_rate 1
configs/einspace/base_config.yaml;--seed 4 --dataset cifartile --generational False --regularised True --elitism 0 --mutation_rate 0.0 --crossover_strategy None --crossover_rate 0
configs/einspace/base_config.yaml;--seed 4 --dataset cifartile --generational False --regularised True --elitism 0 --mutation_rate 0.0 --crossover_strategy one_point --crossover_rate 1
configs/einspace/base_config.yaml;--seed 4 --dataset cifartile --generational False --regularised True --elitism 0 --mutation_rate 0.0 --crossover_strategy shortest_edit_path --crossover_rate 1
configs/einspace/base_config.yaml;--seed 4 --dataset cifartile --generational False --regularised True --elitism 0 --mutation_rate 0.0 --crossover_strategy constrained_smith_waterman --crossover_rate 1
configs/einspace/base_config.yaml;--seed 4 --dataset cifartile --generational False --regularised True --elitism 0 --mutation_rate 0.5 --crossover_strategy None --crossover_rate 0
configs/einspace/base_config.yaml;--seed 4 --dataset cifartile --generational False --regularised True --elitism 0 --mutation_rate 0.5 --crossover_strategy one_point --crossover_rate 1
configs/einspace/base_config.yaml;--seed 4 --dataset cifartile --generational False --regularised True --elitism 0 --mutation_rate 0.5 --crossover_strategy shortest_edit_path --crossover_rate 1
configs/einspace/base_config.yaml;--seed 4 --dataset cifartile --generational False --regularised True --elitism 0 --mutation_rate 0.5 --crossover_strategy constrained_smith_waterman --crossover_rate 1
configs/einspace/base_config.yaml;--seed 4 --dataset cifartile --generational False --regularised True --elitism 0 --mutation_rate 1.0 --crossover_strategy None --crossover_rate 0
configs/einspace/base_config.yaml;--seed 4 --dataset cifartile --generational False --regularised True --elitism 0 --mutation_rate 1.0 --crossover_strategy one_point --crossover_rate 1
configs/einspace/base_config.yaml;--seed 4 --dataset cifartile --generational False --regularised True --elitism 0 --mutation_rate 1.0 --crossover_strategy shortest_edit_path --crossover_rate 1
configs/einspace/base_config.yaml;--seed 4 --dataset cifartile --generational False --regularised True --elitism 0 --mutation_rate 1.0 --crossover_strategy constrained_smith_waterman --crossover_rate 1
configs/einspace/base_config.yaml;--seed 4 --dataset cifartile --generational True --regularised False --elitism 5 --mutation_rate 0.0 --crossover_strategy None --crossover_rate 0
configs/einspace/base_config.yaml;--seed 4 --dataset cifartile --generational True --regularised False --elitism 5 --mutation_rate 0.0 --crossover_strategy one_point --crossover_rate 1
configs/einspace/base_config.yaml;--seed 4 --dataset cifartile --generational True --regularised False --elitism 5 --mutation_rate 0.0 --crossover_strategy shortest_edit_path --crossover_rate 1
configs/einspace/base_config.yaml;--seed 4 --dataset cifartile --generational True --regularised False --elitism 5 --mutation_rate 0.0 --crossover_strategy constrained_smith_waterman --crossover_rate 1
configs/einspace/base_config.yaml;--seed 4 --dataset cifartile --generational True --regularised False --elitism 5 --mutation_rate 0.5 --crossover_strategy None --crossover_rate 0
configs/einspace/base_config.yaml;--seed 4 --dataset cifartile --generational True --regularised False --elitism 5 --mutation_rate 0.5 --crossover_strategy one_point --crossover_rate 1
configs/einspace/base_config.yaml;--seed 4 --dataset cifartile --generational True --regularised False --elitism 5 --mutation_rate 0.5 --crossover_strategy shortest_edit_path --crossover_rate 1
configs/einspace/base_config.yaml;--seed 4 --dataset cifartile --generational True --regularised False --elitism 5 --mutation_rate 0.5 --crossover_strategy constrained_smith_waterman --crossover_rate 1
configs/einspace/base_config.yaml;--seed 4 --dataset cifartile --generational True --regularised False --elitism 5 --mutation_rate 1.0 --crossover_strategy None --crossover_rate 0
configs/einspace/base_config.yaml;--seed 4 --dataset cifartile --generational True --regularised False --elitism 5 --mutation_rate 1.0 --crossover_strategy one_point --crossover_rate 1
configs/einspace/base_config.yaml;--seed 4 --dataset cifartile --generational True --regularised False --elitism 5 --mutation_rate 1.0 --crossover_strategy shortest_edit_path --crossover_rate 1
configs/einspace/base_config.yaml;--seed 4 --dataset cifartile --generational True --regularised False --elitism 5 --mutation_rate 1.0 --crossover_strategy constrained_smith_waterman --crossover_rate 1
configs/einspace/base_config.yaml;--seed 4 --dataset gutenberg --generational False --regularised True --elitism 0 --mutation_rate 0.0 --crossover_strategy None --crossover_rate 0
configs/einspace/base_config.yaml;--seed 4 --dataset gutenberg --generational False --regularised True --elitism 0 --mutation_rate 0.0 --crossover_strategy one_point --crossover_rate 1
configs/einspace/base_config.yaml;--seed 4 --dataset gutenberg --generational False --regularised True --elitism 0 --mutation_rate 0.0 --crossover_strategy shortest_edit_path --crossover_rate 1
configs/einspace/base_config.yaml;--seed 4 --dataset gutenberg --generational False --regularised True --elitism 0 --mutation_rate 0.0 --crossover_strategy constrained_smith_waterman --crossover_rate 1
configs/einspace/base_config.yaml;--seed 4 --dataset gutenberg --generational False --regularised True --elitism 0 --mutation_rate 0.5 --crossover_strategy None --crossover_rate 0
configs/einspace/base_config.yaml;--seed 4 --dataset gutenberg --generational False --regularised True --elitism 0 --mutation_rate 0.5 --crossover_strategy one_point --crossover_rate 1
configs/einspace/base_config.yaml;--seed 4 --dataset gutenberg --generational False --regularised True --elitism 0 --mutation_rate 0.5 --crossover_strategy shortest_edit_path --crossover_rate 1
configs/einspace/base_config.yaml;--seed 4 --dataset gutenberg --generational False --regularised True --elitism 0 --mutation_rate 0.5 --crossover_strategy constrained_smith_waterman --crossover_rate 1
configs/einspace/base_config.yaml;--seed 4 --dataset gutenberg --generational False --regularised True --elitism 0 --mutation_rate 1.0 --crossover_strategy None --crossover_rate 0
configs/einspace/base_config.yaml;--seed 4 --dataset gutenberg --generational False --regularised True --elitism 0 --mutation_rate 1.0 --crossover_strategy one_point --crossover_rate 1
configs/einspace/base_config.yaml;--seed 4 --dataset gutenberg --generational False --regularised True --elitism 0 --mutation_rate 1.0 --crossover_strategy shortest_edit_path --crossover_rate 1
configs/einspace/base_config.yaml;--seed 4 --dataset gutenberg --generational False --regularised True --elitism 0 --mutation_rate 1.0 --crossover_strategy constrained_smith_waterman --crossover_rate 1
configs/einspace/base_config.yaml;--seed 4 --dataset gutenberg --generational True --regularised False --elitism 5 --mutation_rate 0.0 --crossover_strategy None --crossover_rate 0
configs/einspace/base_config.yaml;--seed 4 --dataset gutenberg --generational True --regularised False --elitism 5 --mutation_rate 0.0 --crossover_strategy one_point --crossover_rate 1
configs/einspace/base_config.yaml;--seed 4 --dataset gutenberg --generational True --regularised False --elitism 5 --mutation_rate 0.0 --crossover_strategy shortest_edit_path --crossover_rate 1
configs/einspace/base_config.yaml;--seed 4 --dataset gutenberg --generational True --regularised False --elitism 5 --mutation_rate 0.0 --crossover_strategy constrained_smith_waterman --crossover_rate 1
configs/einspace/base_config.yaml;--seed 4 --dataset gutenberg --generational True --regularised False --elitism 5 --mutation_rate 0.5 --crossover_strategy None --crossover_rate 0
configs/einspace/base_config.yaml;--seed 4 --dataset gutenberg --generational True --regularised False --elitism 5 --mutation_rate 0.5 --crossover_strategy one_point --crossover_rate 1
configs/einspace/base_config.yaml;--seed 4 --dataset gutenberg --generational True --regularised False --elitism 5 --mutation_rate 0.5 --crossover_strategy shortest_edit_path --crossover_rate 1
configs/einspace/base_config.yaml;--seed 4 --dataset gutenberg --generational True --regularised False --elitism 5 --mutation_rate 0.5 --crossover_strategy constrained_smith_waterman --crossover_rate 1
configs/einspace/base_config.yaml;--seed 4 --dataset gutenberg --generational True --regularised False --elitism 5 --mutation_rate 1.0 --crossover_strategy None --crossover_rate 0
configs/einspace/base_config.yaml;--seed 4 --dataset gutenberg --generational True --regularised False --elitism 5 --mutation_rate 1.0 --crossover_strategy one_point --crossover_rate 1
configs/einspace/base_config.yaml;--seed 4 --dataset gutenberg --generational True --regularised False --elitism 5 --mutation_rate 1.0 --crossover_strategy shortest_edit_path --crossover_rate 1
configs/einspace/base_config.yaml;--seed 4 --dataset gutenberg --generational True --regularised False --elitism 5 --mutation_rate 1.0 --crossover_strategy constrained_smith_waterman --crossover_rate 1
configs/einspace/base_config.yaml;--seed 4 --dataset isabella --generational False --regularised True --elitism 0 --mutation_rate 0.0 --crossover_strategy None --crossover_rate 0
configs/einspace/base_config.yaml;--seed 4 --dataset isabella --generational False --regularised True --elitism 0 --mutation_rate 0.0 --crossover_strategy one_point --crossover_rate 1
configs/einspace/base_config.yaml;--seed 4 --dataset isabella --generational False --regularised True --elitism 0 --mutation_rate 0.0 --crossover_strategy shortest_edit_path --crossover_rate 1
configs/einspace/base_config.yaml;--seed 4 --dataset isabella --generational False --regularised True --elitism 0 --mutation_rate 0.0 --crossover_strategy constrained_smith_waterman --crossover_rate 1
configs/einspace/base_config.yaml;--seed 4 --dataset isabella --generational False --regularised True --elitism 0 --mutation_rate 0.5 --crossover_strategy None --crossover_rate 0
configs/einspace/base_config.yaml;--seed 4 --dataset isabella --generational False --regularised True --elitism 0 --mutation_rate 0.5 --crossover_strategy one_point --crossover_rate 1
configs/einspace/base_config.yaml;--seed 4 --dataset isabella --generational False --regularised True --elitism 0 --mutation_rate 0.5 --crossover_strategy shortest_edit_path --crossover_rate 1
configs/einspace/base_config.yaml;--seed 4 --dataset isabella --generational False --regularised True --elitism 0 --mutation_rate 0.5 --crossover_strategy constrained_smith_waterman --crossover_rate 1
configs/einspace/base_config.yaml;--seed 4 --dataset isabella --generational False --regularised True --elitism 0 --mutation_rate 1.0 --crossover_strategy None --crossover_rate 0
configs/einspace/base_config.yaml;--seed 4 --dataset isabella --generational False --regularised True --elitism 0 --mutation_rate 1.0 --crossover_strategy one_point --crossover_rate 1
configs/einspace/base_config.yaml;--seed 4 --dataset isabella --generational False --regularised True --elitism 0 --mutation_rate 1.0 --crossover_strategy shortest_edit_path --crossover_rate 1
configs/einspace/base_config.yaml;--seed 4 --dataset isabella --generational False --regularised True --elitism 0 --mutation_rate 1.0 --crossover_strategy constrained_smith_waterman --crossover_rate 1
configs/einspace/base_config.yaml;--seed 4 --dataset isabella --generational True --regularised False --elitism 5 --mutation_rate 0.0 --crossover_strategy None --crossover_rate 0
configs/einspace/base_config.yaml;--seed 4 --dataset isabella --generational True --regularised False --elitism 5 --mutation_rate 0.0 --crossover_strategy one_point --crossover_rate 1
configs/einspace/base_config.yaml;--seed 4 --dataset isabella --generational True --regularised False --elitism 5 --mutation_rate 0.0 --crossover_strategy shortest_edit_path --crossover_rate 1
configs/einspace/base_config.yaml;--seed 4 --dataset isabella --generational True --regularised False --elitism 5 --mutation_rate 0.0 --crossover_strategy constrained_smith_waterman --crossover_rate 1
configs/einspace/base_config.yaml;--seed 4 --dataset isabella --generational True --regularised False --elitism 5 --mutation_rate 0.5 --crossover_strategy None --crossover_rate 0
configs/einspace/base_config.yaml;--seed 4 --dataset isabella --generational True --regularised False --elitism 5 --mutation_rate 0.5 --crossover_strategy one_point --crossover_rate 1
configs/einspace/base_config.yaml;--seed 4 --dataset isabella --generational True --regularised False --elitism 5 --mutation_rate 0.5 --crossover_strategy shortest_edit_path --crossover_rate 1
configs/einspace/base_config.yaml;--seed 4 --dataset isabella --generational True --regularised False --elitism 5 --mutation_rate 0.5 --crossover_strategy constrained_smith_waterman --crossover_rate 1
configs/einspace/base_config.yaml;--seed 4 --dataset isabella --generational True --regularised False --elitism 5 --mutation_rate 1.0 --crossover_strategy None --crossover_rate 0
configs/einspace/base_config.yaml;--seed 4 --dataset isabella --generational True --regularised False --elitism 5 --mutation_rate 1.0 --crossover_strategy one_point --crossover_rate 1
configs/einspace/base_config.yaml;--seed 4 --dataset isabella --generational True --regularised False --elitism 5 --mutation_rate 1.0 --crossover_strategy shortest_edit_path --crossover_rate 1
configs/einspace/base_config.yaml;--seed 4 --dataset isabella --generational True --regularised False --elitism 5 --mutation_rate 1.0 --crossover_strategy constrained_smith_waterman --crossover_rate 1
configs/einspace/base_config.yaml;--seed 4 --dataset geoclassing --generational False --regularised True --elitism 0 --mutation_rate 0.0 --crossover_strategy None --crossover_rate 0
configs/einspace/base_config.yaml;--seed 4 --dataset geoclassing --generational False --regularised True --elitism 0 --mutation_rate 0.0 --crossover_strategy one_point --crossover_rate 1
configs/einspace/base_config.yaml;--seed 4 --dataset geoclassing --generational False --regularised True --elitism 0 --mutation_rate 0.0 --crossover_strategy shortest_edit_path --crossover_rate 1
configs/einspace/base_config.yaml;--seed 4 --dataset geoclassing --generational False --regularised True --elitism 0 --mutation_rate 0.0 --crossover_strategy constrained_smith_waterman --crossover_rate 1
configs/einspace/base_config.yaml;--seed 4 --dataset geoclassing --generational False --regularised True --elitism 0 --mutation_rate 0.5 --crossover_strategy None --crossover_rate 0
configs/einspace/base_config.yaml;--seed 4 --dataset geoclassing --generational False --regularised True --elitism 0 --mutation_rate 0.5 --crossover_strategy one_point --crossover_rate 1
configs/einspace/base_config.yaml;--seed 4 --dataset geoclassing --generational False --regularised True --elitism 0 --mutation_rate 0.5 --crossover_strategy shortest_edit_path --crossover_rate 1
configs/einspace/base_config.yaml;--seed 4 --dataset geoclassing --generational False --regularised True --elitism 0 --mutation_rate 0.5 --crossover_strategy constrained_smith_waterman --crossover_rate 1
configs/einspace/base_config.yaml;--seed 4 --dataset geoclassing --generational False --regularised True --elitism 0 --mutation_rate 1.0 --crossover_strategy None --crossover_rate 0
configs/einspace/base_config.yaml;--seed 4 --dataset geoclassing --generational False --regularised True --elitism 0 --mutation_rate 1.0 --crossover_strategy one_point --crossover_rate 1
configs/einspace/base_config.yaml;--seed 4 --dataset geoclassing --generational False --regularised True --elitism 0 --mutation_rate 1.0 --crossover_strategy shortest_edit_path --crossover_rate 1
configs/einspace/base_config.yaml;--seed 4 --dataset geoclassing --generational False --regularised True --elitism 0 --mutation_rate 1.0 --crossover_strategy constrained_smith_waterman --crossover_rate 1
configs/einspace/base_config.yaml;--seed 4 --dataset geoclassing --generational True --regularised False --elitism 5 --mutation_rate 0.0 --crossover_strategy None --crossover_rate 0
configs/einspace/base_config.yaml;--seed 4 --dataset geoclassing --generational True --regularised False --elitism 5 --mutation_rate 0.0 --crossover_strategy one_point --crossover_rate 1
configs/einspace/base_config.yaml;--seed 4 --dataset geoclassing --generational True --regularised False --elitism 5 --mutation_rate 0.0 --crossover_strategy shortest_edit_path --crossover_rate 1
configs/einspace/base_config.yaml;--seed 4 --dataset geoclassing --generational True --regularised False --elitism 5 --mutation_rate 0.0 --crossover_strategy constrained_smith_waterman --crossover_rate 1
configs/einspace/base_config.yaml;--seed 4 --dataset geoclassing --generational True --regularised False --elitism 5 --mutation_rate 0.5 --crossover_strategy None --crossover_rate 0
configs/einspace/base_config.yaml;--seed 4 --dataset geoclassing --generational True --regularised False --elitism 5 --mutation_rate 0.5 --crossover_strategy one_point --crossover_rate 1
configs/einspace/base_config.yaml;--seed 4 --dataset geoclassing --generational True --regularised False --elitism 5 --mutation_rate 0.5 --crossover_strategy shortest_edit_path --crossover_rate 1
configs/einspace/base_config.yaml;--seed 4 --dataset geoclassing --generational True --regularised False --elitism 5 --mutation_rate 0.5 --crossover_strategy constrained_smith_waterman --crossover_rate 1
configs/einspace/base_config.yaml;--seed 4 --dataset geoclassing --generational True --regularised False --elitism 5 --mutation_rate 1.0 --crossover_strategy None --crossover_rate 0
configs/einspace/base_config.yaml;--seed 4 --dataset geoclassing --generational True --regularised False --elitism 5 --mutation_rate 1.0 --crossover_strategy one_point --crossover_rate 1
configs/einspace/base_config.yaml;--seed 4 --dataset geoclassing --generational True --regularised False --elitism 5 --mutation_rate 1.0 --crossover_strategy shortest_edit_path --crossover_rate 1
configs/einspace/base_config.yaml;--seed 4 --dataset geoclassing --generational True --regularised False --elitism 5 --mutation_rate 1.0 --crossover_strategy constrained_smith_waterman --crossover_rate 1
configs/einspace/base_config.yaml;--seed 4 --dataset chesseract --generational False --regularised True --elitism 0 --mutation_rate 0.0 --crossover_strategy None --crossover_rate 0
configs/einspace/base_config.yaml;--seed 4 --dataset chesseract --generational False --regularised True --elitism 0 --mutation_rate 0.0 --crossover_strategy one_point --crossover_rate 1
configs/einspace/base_config.yaml;--seed 4 --dataset chesseract --generational False --regularised True --elitism 0 --mutation_rate 0.0 --crossover_strategy shortest_edit_path --crossover_rate 1
configs/einspace/base_config.yaml;--seed 4 --dataset chesseract --generational False --regularised True --elitism 0 --mutation_rate 0.0 --crossover_strategy constrained_smith_waterman --crossover_rate 1
configs/einspace/base_config.yaml;--seed 4 --dataset chesseract --generational False --regularised True --elitism 0 --mutation_rate 0.5 --crossover_strategy None --crossover_rate 0
configs/einspace/base_config.yaml;--seed 4 --dataset chesseract --generational False --regularised True --elitism 0 --mutation_rate 0.5 --crossover_strategy one_point --crossover_rate 1
configs/einspace/base_config.yaml;--seed 4 --dataset chesseract --generational False --regularised True --elitism 0 --mutation_rate 0.5 --crossover_strategy shortest_edit_path --crossover_rate 1
configs/einspace/base_config.yaml;--seed 4 --dataset chesseract --generational False --regularised True --elitism 0 --mutation_rate 0.5 --crossover_strategy constrained_smith_waterman --crossover_rate 1
configs/einspace/base_config.yaml;--seed 4 --dataset chesseract --generational False --regularised True --elitism 0 --mutation_rate 1.0 --crossover_strategy None --crossover_rate 0
configs/einspace/base_config.yaml;--seed 4 --dataset chesseract --generational False --regularised True --elitism 0 --mutation_rate 1.0 --crossover_strategy one_point --crossover_rate 1
configs/einspace/base_config.yaml;--seed 4 --dataset chesseract --generational False --regularised True --elitism 0 --mutation_rate 1.0 --crossover_strategy shortest_edit_path --crossover_rate 1
configs/einspace/base_config.yaml;--seed 4 --dataset chesseract --generational False --regularised True --elitism 0 --mutation_rate 1.0 --crossover_strategy constrained_smith_waterman --crossover_rate 1
configs/einspace/base_config.yaml;--seed 4 --dataset chesseract --generational True --regularised False --elitism 5 --mutation_rate 0.0 --crossover_strategy None --crossover_rate 0
configs/einspace/base_config.yaml;--seed 4 --dataset chesseract --generational True --regularised False --elitism 5 --mutation_rate 0.0 --crossover_strategy one_point --crossover_rate 1
configs/einspace/base_config.yaml;--seed 4 --dataset chesseract --generational True --regularised False --elitism 5 --mutation_rate 0.0 --crossover_strategy shortest_edit_path --crossover_rate 1
configs/einspace/base_config.yaml;--seed 4 --dataset chesseract --generational True --regularised False --elitism 5 --mutation_rate 0.0 --crossover_strategy constrained_smith_waterman --crossover_rate 1
configs/einspace/base_config.yaml;--seed 4 --dataset chesseract --generational True --regularised False --elitism 5 --mutation_rate 0.5 --crossover_strategy None --crossover_rate 0
configs/einspace/base_config.yaml;--seed 4 --dataset chesseract --generational True --regularised False --elitism 5 --mutation_rate 0.5 --crossover_strategy one_point --crossover_rate 1
configs/einspace/base_config.yaml;--seed 4 --dataset chesseract --generational True --regularised False --elitism 5 --mutation_rate 0.5 --crossover_strategy shortest_edit_path --crossover_rate 1
configs/einspace/base_config.yaml;--seed 4 --dataset chesseract --generational True --regularised False --elitism 5 --mutation_rate 0.5 --crossover_strategy constrained_smith_waterman --crossover_rate 1
configs/einspace/base_config.yaml;--seed 4 --dataset chesseract --generational True --regularised False --elitism 5 --mutation_rate 1.0 --crossover_strategy None --crossover_rate 0
configs/einspace/base_config.yaml;--seed 4 --dataset chesseract --generational True --regularised False --elitism 5 --mutation_rate 1.0 --crossover_strategy one_point --crossover_rate 1
configs/einspace/base_config.yaml;--seed 4 --dataset chesseract --generational True --regularised False --elitism 5 --mutation_rate 1.0 --crossover_strategy shortest_edit_path --crossover_rate 1
configs/einspace/base_config.yaml;--seed 4 --dataset chesseract --generational True --regularised False --elitism 5 --mutation_rate 1.0 --crossover_strategy constrained_smith_waterman --crossover_rate 1
